{"py/object": "Sto.StoDocument.StoDocument", "_title_page": {"py/object": "Sto.Title.TitlePage", "_paragraphs": [{"py/object": "Sto.Title.ForHelpTitlePageCenter", "_text": "\u0424\u0435\u0434\u0435\u0440\u0430\u043b\u044c\u043d\u043e\u0435 \u0433\u043e\u0441\u0443\u0434\u0430\u0440\u0441\u0442\u0432\u0435\u043d\u043d\u043e\u0435 \u0430\u0432\u0442\u043e\u043d\u043e\u043c\u043d\u043e\u0435", "_type": "TypeForHelpTitlePageCenter"}, {"py/object": "Sto.Title.ForHelpTitlePageCenter", "_text": "\u043e\u0431\u0440\u0430\u0437\u043e\u0432\u0430\u0442\u0435\u043b\u044c\u043d\u043e\u0435 \u0443\u0447\u0440\u0435\u0436\u0434\u0435\u043d\u0438\u0435", "_type": "TypeForHelpTitlePageCenter"}, {"py/object": "Sto.Title.ForHelpTitlePageCenter", "_text": "\u0432\u044b\u0441\u0448\u0435\u0433\u043e \u043e\u0431\u0440\u0430\u0437\u043e\u0432\u0430\u043d\u0438\u044f", "_type": "TypeForHelpTitlePageCenter"}, {"py/object": "Sto.Title.ForHelpTitlePageCenter", "_text": "\u00ab\u0421\u0418\u0411\u0418\u0420\u0421\u041a\u0418\u0419 \u0424\u0415\u0414\u0415\u0420\u0410\u041b\u042c\u041d\u042b\u0419 \u0423\u041d\u0418\u0412\u0415\u0420\u0421\u0418\u0422\u0415\u0422\u00bb", "_type": "TypeForHelpTitlePageCenter"}, {"py/object": "Sto.Title.ForHelpTitlePageCenter", "_text": "", "_type": "TypeForHelpTitlePageCenter"}, {"py/object": "Sto.Title.DepartmentAndSubject", "_text": "\u0418\u043d\u0441\u0442\u0438\u0442\u0443\u0442 \u041a\u043e\u0441\u043c\u0438\u0447\u0435\u0441\u043a\u0438\u0445 \u0438 \u0438\u043d\u0444\u043e\u0440\u043c\u0430\u0446\u0438\u043e\u043d\u043d\u044b\u0445 \u0442\u0435\u0445\u043d\u043e\u043b\u043e\u0433\u0438\u0439", "_type": "DepartmentAndSubject"}, {"py/object": "Sto.Title.Subscript", "_text": "\u0438\u043d\u0441\u0442\u0438\u0442\u0443\u0442", "_type": "Subscript"}, {"py/object": "Sto.Title.DepartmentAndSubject", "_text": "\u041a\u0430\u0444\u0435\u0434\u0440\u0430 \u00ab\u0418\u043d\u0444\u043e\u0440\u043c\u0430\u0442\u0438\u043a\u0430\u00bb", "_type": "DepartmentAndSubject"}, {"py/object": "Sto.Title.Subscript", "_text": "\u043a\u0430\u0444\u0435\u0434\u0440\u0430", "_type": "Subscript"}, {"py/object": "Sto.Title.ForHelpTitlePageCenter", "_text": "", "_type": "TypeForHelpTitlePageCenter"}, {"py/object": "Sto.Title.ForHelpTitlePageCenter", "_text": "", "_type": "TypeForHelpTitlePageCenter"}, {"py/object": "Sto.Title.ForHelpTitlePageCenter", "_text": "", "_type": "TypeForHelpTitlePageCenter"}, {"py/object": "Sto.Title.ForHelpTitlePageCenter", "_text": "", "_type": "TypeForHelpTitlePageCenter"}, {"py/object": "Sto.Title.ForHelpTitlePageCenter", "_text": "", "_type": "TypeForHelpTitlePageCenter"}, {"py/object": "Sto.Title.ForHelpTitlePageCenter", "_text": "", "_type": "TypeForHelpTitlePageCenter"}, {"py/object": "Sto.Title.ForHelpTitlePageCenter", "_text": "", "_type": "TypeForHelpTitlePageCenter"}, {"py/object": "Sto.Title.ForHelpTitlePageCenter", "_text": "", "_type": "TypeForHelpTitlePageCenter"}, {"py/object": "Sto.Title.ForHelpTitlePageCenter", "_text": "", "_type": "TypeForHelpTitlePageCenter"}, {"py/object": "Sto.Title.ForHelpTitlePageCenter", "_text": "", "_type": "TypeForHelpTitlePageCenter"}, {"py/object": "Sto.Title.JobTitle", "_text": "\u041e\u0422\u0427\u0415\u0422 \u041f\u041e \u041f\u0420\u0410\u041a\u0422\u0418\u0427\u0415\u0421\u041a\u041e\u0419 \u0420\u0410\u0411\u041e\u0422\u0415 \u21162", "_type": "JobTitle"}, {"py/object": "Sto.Title.ForHelpTitlePageCenter", "_text": "", "_type": "TypeForHelpTitlePageCenter"}, {"py/object": "Sto.Title.DepartmentAndSubject", "_text": "\u041a\u0430\u0441\u043a\u0430\u0434\u043d\u044b\u0435 \u0442\u0430\u0431\u043b\u0438\u0446\u044b \u0441\u0442\u0438\u043b\u0435\u0439", "_type": "DepartmentAndSubject"}, {"py/object": "Sto.Title.Subscript", "_text": "\u0442\u0435\u043c\u0430", "_type": "Subscript"}, {"py/object": "Sto.Title.ForHelpTitlePageCenter", "_text": "", "_type": "TypeForHelpTitlePageCenter"}, {"py/object": "Sto.Title.ForHelpTitlePageCenter", "_text": "", "_type": "TypeForHelpTitlePageCenter"}, {"py/object": "Sto.Title.ForHelpTitlePageCenter", "_text": "", "_type": "TypeForHelpTitlePageCenter"}, {"py/object": "Sto.Title.ForHelpTitlePageCenter", "_text": "", "_type": "TypeForHelpTitlePageCenter"}, {"py/object": "Sto.Title.ForHelpTitlePageCenter", "_text": "", "_type": "TypeForHelpTitlePageCenter"}, {"py/object": "Sto.Title.ForHelpTitlePageCenter", "_text": "", "_type": "TypeForHelpTitlePageCenter"}, {"py/object": "Sto.Title.ForHelpTitlePageCenter", "_text": "", "_type": "TypeForHelpTitlePageCenter"}, {"py/object": "Sto.Title.ForHelpTitlePageCenter", "_text": "", "_type": "TypeForHelpTitlePageCenter"}, {"py/object": "Sto.Title.TeacherAndStudent", "_text": "\u0442\u0430\u0431\u043b\u0438\u0446\u0430", "_type": "TeacherAndStudent", "_table": ["\u041f\u0440\u0435\u043f\u043e\u0434\u0430\u0432\u0430\u0442\u0435\u043b\u044c", " ", "\u0410.\u041a. \u041f\u043e\u0433\u0440\u0435\u0431\u043d\u0438\u043a\u043e\u0432", " ", "\u043f\u043e\u0434\u043f\u0438\u0441\u044c, \u0434\u0430\u0442\u0430", "\u0438\u043d\u0438\u0446\u0438\u0430\u043b\u044b, \u0444\u0430\u043c\u0438\u043b\u0438\u044f", "\u0421\u0442\u0443\u0434\u0435\u043d\u0442 \u041a\u041818-17/1\u0431  031831229", " ", "\u0412.\u0410. \u041f\u0440\u0435\u043a\u0435\u043b\u044c", "\u043d\u043e\u043c\u0435\u0440 \u0433\u0440\u0443\u043f\u043f\u044b, \u0437\u0430\u0447\u0435\u0442\u043d\u043e\u0439 \u043a\u043d\u0438\u0436\u043a\u0438", "\u043f\u043e\u0434\u043f\u0438\u0441\u044c, \u0434\u0430\u0442\u0430", "\u0438\u043d\u0438\u0446\u0438\u0430\u043b\u044b, \u0444\u0430\u043c\u0438\u043b\u0438\u044f"]}, {"py/object": "Sto.Title.ForHelpTitlePageCenter", "_text": "", "_type": "TypeForHelpTitlePageCenter"}, {"py/object": "Sto.Title.ForHelpTitlePageCenter", "_text": "", "_type": "TypeForHelpTitlePageCenter"}, {"py/object": "Sto.Title.ForHelpTitlePageCenter", "_text": "", "_type": "TypeForHelpTitlePageCenter"}, {"py/object": "Sto.Title.ForHelpTitlePageCenter", "_text": "", "_type": "TypeForHelpTitlePageCenter"}, {"py/object": "Sto.Title.ForHelpTitlePageCenter", "_text": "", "_type": "TypeForHelpTitlePageCenter"}, {"py/object": "Sto.Title.ForHelpTitlePageCenter", "_text": "", "_type": "TypeForHelpTitlePageCenter"}, {"py/object": "Sto.Title.ForHelpTitlePageCenter", "_text": "", "_type": "TypeForHelpTitlePageCenter"}, {"py/object": "Sto.Title.ForHelpTitlePageCenter", "_text": "", "_type": "TypeForHelpTitlePageCenter"}, {"py/object": "Sto.Title.ForHelpTitlePageCenter", "_text": "", "_type": "TypeForHelpTitlePageCenter"}, {"py/object": "Sto.Title.ForHelpTitlePageCenter", "_text": "", "_type": "TypeForHelpTitlePageCenter"}, {"py/object": "Sto.Title.ForHelpTitlePageCenter", "_text": "\u041a\u0440\u0430\u0441\u043d\u043e\u044f\u0440\u0441\u043a 2020", "_type": "TypeForHelpTitlePageCenter"}]}, "_headings": [{"py/object": "Sto.Heading.Heading", "_text": "\u0426\u0435\u043b\u044c", "_type": "Heading", "_paragraphs": [{"py/object": "Sto.Paragraph.Paragraph", "_text": "\u041e\u0441\u0432\u043e\u0438\u0442\u044c \u043a\u0430\u0441\u043a\u0430\u0434\u043d\u044b\u0435 \u0442\u0430\u0431\u043b\u0438\u0446\u044b \u0441\u0442\u0438\u043b\u0435\u0439 CSS.", "_type": "Paragraph"}], "_level": 1}, {"py/object": "Sto.Heading.Heading", "_text": "\u0417\u0430\u0434\u0430\u0447\u0438", "_type": "Heading", "_paragraphs": [{"py/object": "Sto.Paragraph.Paragraph", "_text": "1. \u0421\u043e\u0437\u0434\u0430\u0439\u0442\u0435  \u0441\u0442\u0438\u043b\u0435\u0432\u043e\u0439  \u0444\u0430\u0439\u043b.  \u0418\u0441\u043f\u043e\u043b\u044c\u0437\u0443\u044f  \u0441\u0432\u044f\u0437\u044b\u0432\u0430\u043d\u0438\u0435  \u043f\u043e\u0434\u043a\u043b\u044e\u0447\u0438\u0442\u0435  \u0435\u0433\u043e  \u0432 \u0434\u043e\u043a\u0443\u043c\u0435\u043d\u0442.", "_type": "Paragraph"}, {"py/object": "Sto.Paragraph.Paragraph", "_text": "2. \u0418\u0441\u043f\u043e\u043b\u044c\u0437\u0443\u044f  \u0442\u0430\u0431\u043b\u0438\u0446\u044b  \u0441\u0442\u0438\u043b\u0435\u0439, \u0438\u0437\u043c\u0435\u043d\u0438\u0442\u0435  \u043e\u0444\u043e\u0440\u043c\u043b\u0435\u043d\u0438\u0435  \u0442\u0435\u043a\u0441\u0442\u0430  \u0432  \u043d\u0435\u0441\u043a\u043e\u043b\u044c\u043a\u0438\u0445 \u044d\u043b\u0435\u043c\u0435\u043d\u0442\u0430\u0445.", "_type": "Paragraph"}, {"py/object": "Sto.Paragraph.Paragraph", "_text": "3. \u0418\u0441\u043f\u043e\u043b\u044c\u0437\u0443\u044f \u0442\u0430\u0431\u043b\u0438\u0446\u044b \u0441\u0442\u0438\u043b\u0435\u0439, \u0438\u0437\u043c\u0435\u043d\u0438\u0442\u0435 \u0446\u0432\u0435\u0442 \u0438 \u0444\u043e\u043d \u0432 \u043d\u0435\u0441\u043a\u043e\u043b\u044c\u043a\u0438\u0445 \u044d\u043b\u0435\u043c\u0435\u043d\u0442\u043e\u0432.", "_type": "Paragraph"}, {"py/object": "Sto.Paragraph.Paragraph", "_text": "4. \u0418\u0441\u043f\u043e\u043b\u044c\u0437\u0443\u044f  \u0442\u0430\u0431\u043b\u0438\u0446\u044b  \u0441\u0442\u0438\u043b\u0435\u0439,  \u0438\u0437\u043c\u0435\u043d\u0438\u0442\u0435  \u0441\u0432\u043e\u0439\u0441\u0442\u0432\u0430  \u0448\u0440\u0438\u0444\u0442\u0430  (\u043d\u0430\u043f\u0438\u0441\u0430\u043d\u0438\u0435, \u0440\u0430\u0437\u043c\u0435\u0440, \u043e\u0444\u043e\u0440\u043c\u043b\u0435\u043d\u0438\u0435) \u0432 \u043d\u0435\u0441\u043a\u043e\u043b\u044c\u043a\u0438\u0445 \u044d\u043b\u0435\u043c\u0435\u043d\u0442\u0430\u0445.", "_type": "Paragraph"}, {"py/object": "Sto.Paragraph.Paragraph", "_text": "5.\u041e\u0444\u043e\u0440\u043c\u0438\u0442\u0435 \u043d\u0443\u043c\u0435\u0440\u043e\u0432\u0430\u043d\u043d\u044b\u0435 \u0438 \u043d\u0435\u043d\u0443\u043c\u0435\u0440\u043e\u0432\u0430\u043d\u043d\u044b\u0435 \u0441\u043f\u0438\u0441\u043a\u0438 \u0441 \u043f\u043e\u043c\u043e\u0449\u044c\u044e \u0441\u0442\u0438\u043b\u0435\u0439.", "_type": "Paragraph"}, {"py/object": "Sto.Paragraph.Paragraph", "_text": "6. \u041f\u0440\u043e\u0434\u0435\u043c\u043e\u043d\u0441\u0442\u0440\u0438\u0440\u0443\u0439\u0442\u0435  \u0441\u0435\u043b\u0435\u043a\u0442\u043e\u0440\u044b  \u0441  \u0432\u044b\u0431\u043e\u0440\u043a\u043e\u0439  \u043f\u043e  \u044d\u043b\u0435\u043c\u0435\u043d\u0442\u0443,  \u043a\u043b\u0430\u0441\u0441\u0443, \u0438\u0434\u0435\u043d\u0442\u0438\u0444\u0438\u043a\u0430\u0442\u043e\u0440\u0443, \u043a\u043e\u043c\u0431\u0438\u043d\u0438\u0440\u043e\u0432\u0430\u043d\u043d\u044b\u0435.", "_type": "Paragraph"}, {"py/object": "Sto.Paragraph.Paragraph", "_text": "7. \u041f\u0440\u043e\u0434\u0435\u043c\u043e\u043d\u0441\u0442\u0440\u0438\u0440\u0443\u0439\u0442\u0435 \u0440\u0430\u0437\u043b\u0438\u0447\u043d\u044b\u0435 \u0441\u043f\u043e\u0441\u043e\u0431\u044b \u043f\u0440\u0438\u043c\u0435\u043d\u0435\u043d\u0438\u044f \u0441\u0442\u0438\u043b\u0435\u0439 \u043a \u0434\u043e\u043a\u0443\u043c\u0435\u043d\u0442\u0443 (\u0432\u043d\u0435\u0434\u0440\u0435\u043d\u0438\u0435, \u0441\u0432\u044f\u0437\u044b\u0432\u0430\u043d\u0438\u0435, \u0432\u0441\u0442\u0440\u0430\u0438\u0432\u0430\u043d\u0438\u0435).", "_type": "Paragraph"}, {"py/object": "Sto.Paragraph.Paragraph", "_text": "8. \u0421\u043e\u0437\u0434\u0430\u0439\u0442\u0435 \u0441\u0442\u0438\u043b\u0435\u0432\u043e\u0439 \u0444\u0430\u0439\u043b \u0441 \u0430\u043b\u044c\u0442\u0435\u0440\u043d\u0430\u0442\u0438\u0432\u043d\u044b\u043c \u043e\u0444\u043e\u0440\u043c\u043b\u0435\u043d\u0438\u0435\u043c (\u0441\u043e\u0445\u0440\u0430\u043d\u0438\u0442\u0435 \u0435\u0433\u043e \u0442\u0430\u043a\u0438\u043c \u043e\u0431\u0440\u0430\u0437\u043e\u043c, \u0447\u0442\u043e\u0431\u044b \u043c\u043e\u0436\u043d\u043e \u0431\u044b\u043b\u043e \u043f\u0440\u0438\u043c\u0435\u043d\u0438\u0442\u044c \u043b\u0438\u0431\u043e \u043f\u0435\u0440\u0432\u044b\u0439, \u043b\u0438\u0431\u043e \u0432\u0442\u043e\u0440\u043e\u0439 \u0441\u0442\u0438\u043b\u0435\u0432\u043e\u0439 \u0444\u0430\u0439\u043b\u044b).", "_type": "Paragraph"}], "_level": 1}, {"py/object": "Sto.Heading.Heading", "_text": "\u0425\u043e\u0434 \u0440\u0430\u0431\u043e\u0442\u044b", "_type": "Heading", "_paragraphs": [{"py/object": "Sto.Paragraph.Paragraph", "_text": "\u0421\u043e\u0437\u0434\u0430\u043d \u0441\u0442\u0438\u043b\u0435\u0432\u043e\u0439 \u0444\u0430\u0439\u043b \u0438 \u0441\u0432\u044f\u0437\u0430\u043d \u0441 \u0434\u043e\u043a\u0443\u043c\u0435\u043d\u0442\u043e\u043c. \u0418\u0437\u043c\u0435\u043d\u0435\u043d\u043e \u043e\u0444\u043e\u0440\u043c\u043b\u0435\u043d\u0438\u0435 \u0442\u0435\u043a\u0441\u0442\u0430 \u0432 \u043d\u0435\u0441\u043a\u043e\u043b\u044c\u043a\u0438\u0445 \u043c\u0435\u0441\u0442\u0430\u0445, \u0438\u0437\u043c\u0435\u043d\u0451\u043d \u0444\u043e\u043d, \u0438\u0437\u043c\u0435\u043d\u0435\u043d\u044b \u0441\u0432\u043e\u0439\u0441\u0442\u0432\u0430 \u0448\u0440\u0438\u0444\u0442\u0430, \u043e\u0444\u0440\u043c\u043b\u0435\u043d\u044b \u0441\u043f\u0438\u0441\u043a\u0438. \u041f\u0440\u043e\u0434\u0435\u043c\u043e\u0441\u0442\u0440\u0438\u0440\u043e\u0432\u0430\u043d\u044b \u0441\u0435\u043b\u0435\u043a\u0442\u043e\u0440\u044b \u043f\u043e \u044d\u043b\u0435\u043c\u0435\u043d\u0442\u0443, \u043a\u043b\u0430\u0441\u0441\u0443, \u0438\u0434\u0435\u043d\u0442\u0438\u0444\u0438\u043a\u0430\u0442\u043e\u0440\u0443, \u043a\u043e\u043c\u0431\u0438\u043d\u0438\u0440\u043e\u0432\u0430\u043d\u043d\u044b\u0435. ", "_type": "Paragraph"}, {"py/object": "Sto.Paragraph.Paragraph", "_text": "", "_type": "Paragraph"}, {"py/object": "Sto.Listing.ListingDescription", "_text": "index.html", "_type": "ListingDescription"}, {"py/object": "Sto.Listing.Listing", "_text": "<!DOCTYPE html>\n<html lang=\"ru\">\n<head>\n    <meta charset=\"UTF-8\">\n    <meta content=\"index,all\" name=\"robots\">\n    <meta content=\"Vladislsav Prekel\" name=\"author\">\n    <meta content=\"\u043c\u043d\u043e\u0433\u043e\u0447\u043b\u0435\u043d, \u043f\u043e\u043b\u0438\u043d\u043e\u043c, \u0443\u0440\u0430\u0432\u043d\u0435\u043d\u0438\u0435, \u0430\u043b\u0433\u0435\u0431\u0440\u0430\u0438\u0447\u0435\u0441\u043a\u0438\u0439\" name=\"keywords\">\n    <meta content=\"\u041c\u043d\u043e\u0433\u043e\u0447\u043b\u0435\u043d\u044b \u0438 \u0430\u043b\u0433\u0435\u0431\u0440\u0430\u0438\u0447\u0435\u0441\u043a\u0438\u0435 \u0443\u0440\u0430\u0432\u043d\u0435\u043d\u0438\u044f. \u0427\u0438\u0441\u043b\u0435\u043d\u043d\u043e\u0435 \u0440\u0435\u0448\u0435\u043d\u0438\u0435 \u0430\u043b\u0433\u0435\u0431\u0440\u0430\u0438\u0447\u0435\u0441\u043a\u0438\u0445 \u0443\u0440\u0430\u0432\u043d\u0435\u043d\u0438\u0439.\"\n          name=\"description\">\n    <title>\u041c\u043d\u043e\u0433\u043e\u0447\u043b\u0435\u043d\u044b \u0438 \u0430\u043b\u0433\u0435\u0431\u0440\u0430\u0438\u0447\u0435\u0441\u043a\u0438\u0435 \u0443\u0440\u0430\u0432\u043d\u0435\u043d\u0438\u044f</title>\n    <link href=\"styles.css\" rel=stylesheet type=\"text/css\">\n</head>\n<body>\n<header>\n    <h1>\u041c\u043d\u043e\u0433\u043e\u0447\u043b\u0435\u043d\u044b \u0438 \u0430\u043b\u0433\u0435\u0431\u0440\u0430\u0438\u0447\u0435\u0441\u043a\u0438\u0435 \u0443\u0440\u0430\u0432\u043d\u0435\u043d\u0438\u044f</h1>\n</header>\n<article>\n    <section id=\"link-to-sources\">\n        <hr/>\n        <a href=\"#list-sources\">\u0421\u043f\u0438\u0441\u043e\u043a \u0438\u0441\u0442\u043e\u0447\u043d\u0438\u043a\u043e\u0432</a>\n    </section>\n    <section>\n        <article class=\"definitions\">\n            <hr class=\"definitions\"/>\n            <h2>\u041e\u0434\u043d\u043e\u0447\u043b\u0435\u043d</h2>\n            <p>\u041e\u0434\u043d\u043e\u0447\u043b\u0435\u043d (\u0438\u043b\u0438 \u043c\u043e\u043d\u043e\u043c) \u2014 \u043f\u0440\u043e\u0441\u0442\u043e\u0435 \u043c\u0430\u0442\u0435\u043c\u0430\u0442\u0438\u0447\u0435\u0441\u043a\u043e\u0435 \u0432\u044b\u0440\u0430\u0436\u0435\u043d\u0438\u0435, \u043f\u0440\u0435\u0436\u0434\u0435 \u0432\u0441\u0435\u0433\u043e \u0440\u0430\u0441\u0441\u043c\u0430\u0442\u0440\u0438\u0432\u0430\u0435\u043c\u043e\u0435 \u0438 \u0438\u0441\u043f\u043e\u043b\u044c\u0437\u0443\u0435\u043c\u043e\u0435 \u0432\n                \u044d\u043b\u0435\u043c\u0435\u043d\u0442\u0430\u0440\u043d\u043e\u0439 \u0430\u043b\u0433\u0435\u0431\u0440\u0435, \u0430 \u0438\u043c\u0435\u043d\u043d\u043e, \u043f\u0440\u043e\u0438\u0437\u0432\u0435\u0434\u0435\u043d\u0438\u0435, \u0441\u043e\u0441\u0442\u043e\u044f\u0449\u0435\u0435 \u0438\u0437 \u0447\u0438\u0441\u043b\u043e\u0432\u043e\u0433\u043e \u043c\u043d\u043e\u0436\u0438\u0442\u0435\u043b\u044f \u0438 \u043e\u0434\u043d\u043e\u0439 \u0438\u043b\u0438 \u043d\u0435\u0441\u043a\u043e\u043b\u044c\u043a\u0438\u0445\n                \u043f\u0435\u0440\u0435\u043c\u0435\u043d\u043d\u044b\u0445,\n                \u0432\u0437\u044f\u0442\u044b\u0445 \u043a\u0430\u0436\u0434\u0430\u044f \u0432 \u043d\u0435\u043e\u0442\u0440\u0438\u0446\u0430\u0442\u0435\u043b\u044c\u043d\u043e\u0439 \u0446\u0435\u043b\u043e\u0439 \u0441\u0442\u0435\u043f\u0435\u043d\u0438.</p>\n        </article>\n        <article class=\"definitions\">\n            <hr class=\"definitions\"/>\n            <h2>\u041c\u043d\u043e\u0433\u043e\u0447\u043b\u0435\u043d</h2>\n            <p>\u041c\u043d\u043e\u0433\u043e\u0447\u043b\u0435\u043d (\u0438\u043b\u0438 \u043f\u043e\u043b\u0438\u043d\u043e\u043c) \u2014 \u044d\u0442\u043e \u0441\u0443\u043c\u043c\u0430 \u043e\u0434\u043d\u043e\u0447\u043b\u0435\u043d\u043e\u0432.</p>\n        </article>\n        <article class=\"definitions\">\n            <hr class=\"definitions\"/>\n            <h2>\u0410\u043b\u0433\u0435\u0431\u0440\u0430\u0438\u0447\u0435\u0441\u043a\u043e\u0435 \u0443\u0440\u0430\u0432\u043d\u0435\u043d\u0438\u0435</h2>\n            <p>\u0410\u043b\u0433\u0435\u0431\u0440\u0430\u0438\u0447\u0435\u0441\u043a\u043e\u0435 \u0443\u0440\u0430\u0432\u043d\u0435\u043d\u0438\u0435 (\u043f\u043e\u043b\u0438\u043d\u043e\u043c\u0438\u0430\u043b\u044c\u043d\u043e\u0435 \u0443\u0440\u0430\u0432\u043d\u0435\u043d\u0438\u0435, \u043c\u043d\u043e\u0433\u043e\u0447\u043b\u0435\u043d\u043d\u043e\u0435 \u0443\u0440\u0430\u0432\u043d\u0435\u043d\u0438\u0435) \u2014 \u0443\u0440\u0430\u0432\u043d\u0435\u043d\u0438\u0435 \u0432\u0438\u0434\u0430 P(x1, x2,\n                ...) \u0433\u0434\u0435 P \u2014 \u043c\u043d\u043e\u0433\u043e\u0447\u043b\u0435\u043d \u043e\u0442 \u043f\u0435\u0440\u0435\u043c\u0435\u043d\u043d\u044b\u0445 x1, ..., xn \u2014 \u043a\u043e\u0442\u043e\u0440\u044b\u0435 \u043d\u0430\u0437\u044b\u0432\u0430\u044e\u0442\u0441\u044f \u043d\u0435\u0438\u0437\u0432\u0435\u0441\u0442\u043d\u044b\u043c\u0438.</p>\n            <img alt=\"\u0413\u0440\u0430\u0444\u0438\u043a \u0430\u043b\u0433\u0435\u0431\u0440\u0430\u0438\u0447\u0435\u0441\u043a\u043e\u0433\u043e \u0443\u0440\u0430\u0432\u043d\u0435\u043d\u0438\u044f\" id=\"plot\" src=\"plot.png\">\n            <p class=\"picture-description\">\u0413\u0440\u0430\u0444\u0438\u043a \u0430\u043b\u0433\u0435\u0431\u0440\u0430\u0438\u0447\u0435\u0441\u043a\u043e\u0433\u043e \u0443\u0440\u0430\u0432\u043d\u0435\u043d\u0438\u044f\n                <text style=\"font-family: 'Cambria Math', sans-serif\">x<sup>3</sup>-2x<sup>2</sup>-x+2</text>\n            </p>\n        </article>\n    </section>\n    <section>\n        <article class=\"references\">\n            <hr/>\n            <h3 class=\"sources-header\" id=\"list-sources\">\u0421\u0441\u044b\u043b\u043a\u0438:</h3>\n            <ol>\n                <li><a href=\"https://ru.wikipedia.org/wiki/%D0%9C%D0%BD%D0%BE%D0%B3%D0%BE%D1%87%D0%BB%D0%B5%D0%BD\"\n                       target=\"_blank\">\u041c\u043d\u043e\u0433\u043e\u0447\u043b\u0435\u043d \u2014 \u0412\u0438\u043a\u0438\u043f\u0435\u0434\u0438\u044f</a></li>\n                <li><a href=\"https://www.mathsisfun.com/algebra/polynomials.html\">Polynomials \u2014 Math is Fun</a>\n                <li><a href=\"https://byjus.com/maths/polynomial-equations/\">Polynomial Equations - Definition,\n                    Functions, Types and Examples</a>\n                </li>\n            </ol>\n        </article>\n    </section>\n</article>\n<footer>\n    <p>\n        <time datetime=\"2020-05-26 16:26\">26 \u043c\u0430\u044f 2020.</time>\n        \u0412\u043b\u0430\u0434\u0438\u0441\u043b\u0430\u0432 \u041f\u0440\u0435\u043a\u0435\u043b\u044c.\n    </p>\n</footer>\n</body>\n</html>\n", "_type": "Listing"}, {"py/object": "Sto.Paragraph.Paragraph", "_text": "", "_type": "Paragraph"}, {"py/object": "Sto.Listing.ListingDescription", "_text": "styles.css", "_type": "ListingDescription"}, {"py/object": "Sto.Listing.Listing", "_text": "p {\n    text-align: justify;\n    text-indent: 30px;\n    font-family: serif;\n    font-size: 14px;\n}\n\nbody {\n    background: url(\"background.png\");\n    margin: 100px 100px 100px 100px;\n}\n\nheader {\n    background-color: aqua;\n    margin: 5px 40px 15px 10px;\n}\n\nfooter {\n    background-color: lightblue;\n    margin: 5px 40px 15px 10px;\n}\n\nhr {\n    color: green;\n}\n\nhr.definitions {\n    color: blue;\n}\n\nh1 {\n    font-size: 40px;\n}\n\nh2 {\n    font-size: 30px;\n    color: brown;\n}\n\nh3 {\n    font-size: 25px;\n}\n\nimg#plot {\n    height: 500px;\n    width: 500px border-box;\n}\n\narticle.definitions {\n    background-color: paleturquoise;\n    margin: 5px 40px 15px 10px;\n    padding-left: 10px;\n    padding-right: 10px;\n    padding-bottom: 1px;\n}\n\narticle.references {\n    background-color: lightblue;\n    margin: 5px 40px 15px 10px;\n    padding-bottom: 10px;\n}\n\nol {\n    font-weight: normal;\n    text-decoration: none;\n}\n\np.picture-description {\n    text-align: left;\n    text-indent: 1cm;\n    font-family: Arial, sans-serif;\n    font-size: 13px;\n}\n\n\nsection#link-to-sources {\n    background-color: powderblue;\n    margin: 5px 40px 15px 10px;\n    padding-left: 10px;\n    padding-right: 10px;\n    padding-bottom: 10px;\n}\n", "_type": "Listing"}, {"py/object": "Sto.Paragraph.Paragraph", "_text": "", "_type": "Paragraph"}, {"py/object": "Sto.Paragraph.Paragraph", "_text": "", "_type": "Paragraph"}, {"py/object": "Sto.Picture.Picture", "_text": "Screenshot_2020-10-09 \u041c\u043d\u043e\u0433\u043e\u0447\u043b\u0435\u043d\u044b \u0438 \u0430\u043b\u0433\u0435\u0431\u0440\u0430\u0438\u0447\u0435\u0441\u043a\u0438\u0435 \u0443\u0440\u0430\u0432\u043d\u0435\u043d\u0438\u044f(1).png", "_type": "Picture"}, {"py/object": "Sto.Picture.PictureDescription", "_text": "\u0421\u0442\u0440\u0430\u043d\u0438\u0446\u0430", "_type": "PictureDescription"}, {"py/object": "Sto.Paragraph.Paragraph", "_text": "", "_type": "Paragraph"}], "_level": 1}, {"py/object": "Sto.Heading.Heading", "_text": "\u0412\u044b\u0432\u043e\u0434", "_type": "Heading", "_paragraphs": [{"py/object": "Sto.Paragraph.Paragraph", "_text": "\u0411\u044b\u043b\u0438 \u043e\u0441\u0432\u043e\u0435\u043d\u044b \u043d\u0430 \u043f\u0440\u0430\u043a\u0442\u0438\u043a\u0435 \u043e\u0441\u043d\u043e\u0432\u043d\u044b\u0435 \u0432\u043e\u0437\u043c\u043e\u0436\u043d\u043e\u0441\u0442\u0438 (\u0441\u0435\u043b\u0435\u043a\u0442\u043e\u0440\u044b, \u043a\u043b\u0430\u0441\u0441\u044b, \u0438\u0434\u0435\u043d\u0442\u0438\u0444\u0438\u043a\u0430\u0442\u043e\u0440\u044b, \u0432\u043d\u0435\u0434\u0440\u0435\u043d\u0438\u0435, \u0441\u0432\u044f\u0437\u044b\u0432\u0430\u043d\u0438\u0435, \u0432\u0441\u0442\u0440\u0430\u0438\u0432\u0430\u043d\u0438\u0435) CSS. \u0421\u0430\u0439\u0442 \u0434\u043e\u0441\u0442\u0443\u043f\u0435\u043d \u043f\u043e \u0430\u0434\u0440\u0435\u0441\u0443 https://prekel.github.io/WebFrontend/Pr_02/index.html", "_type": "Paragraph"}], "_level": 1}], "_resources_list": null, "_attachments": []}