{"py/object": "Sto.StoDocument.StoDocument", "_title_page": {"py/object": "Sto.Title.TitlePage", "_paragraphs": [{"py/object": "Sto.Title.ForHelpTitlePageCenter", "_text": "\u0424\u0435\u0434\u0435\u0440\u0430\u043b\u044c\u043d\u043e\u0435 \u0433\u043e\u0441\u0443\u0434\u0430\u0440\u0441\u0442\u0432\u0435\u043d\u043d\u043e\u0435 \u0430\u0432\u0442\u043e\u043d\u043e\u043c\u043d\u043e\u0435", "_type": "TypeForHelpTitlePageCenter"}, {"py/object": "Sto.Title.ForHelpTitlePageCenter", "_text": "\u043e\u0431\u0440\u0430\u0437\u043e\u0432\u0430\u0442\u0435\u043b\u044c\u043d\u043e\u0435 \u0443\u0447\u0440\u0435\u0436\u0434\u0435\u043d\u0438\u0435", "_type": "TypeForHelpTitlePageCenter"}, {"py/object": "Sto.Title.ForHelpTitlePageCenter", "_text": "\u0432\u044b\u0441\u0448\u0435\u0433\u043e \u043e\u0431\u0440\u0430\u0437\u043e\u0432\u0430\u043d\u0438\u044f", "_type": "TypeForHelpTitlePageCenter"}, {"py/object": "Sto.Title.ForHelpTitlePageCenter", "_text": "\u00ab\u0421\u0418\u0411\u0418\u0420\u0421\u041a\u0418\u0419 \u0424\u0415\u0414\u0415\u0420\u0410\u041b\u042c\u041d\u042b\u0419 \u0423\u041d\u0418\u0412\u0415\u0420\u0421\u0418\u0422\u0415\u0422\u00bb", "_type": "TypeForHelpTitlePageCenter"}, {"py/object": "Sto.Title.ForHelpTitlePageCenter", "_text": "", "_type": "TypeForHelpTitlePageCenter"}, {"py/object": "Sto.Title.DepartmentAndSubject", "_text": "\u0418\u043d\u0441\u0442\u0438\u0442\u0443\u0442 \u041a\u043e\u0441\u043c\u0438\u0447\u0435\u0441\u043a\u0438\u0445 \u0438 \u0438\u043d\u0444\u043e\u0440\u043c\u0430\u0446\u0438\u043e\u043d\u043d\u044b\u0445 \u0442\u0435\u0445\u043d\u043e\u043b\u043e\u0433\u0438\u0439", "_type": "DepartmentAndSubject"}, {"py/object": "Sto.Title.Subscript", "_text": "\u0438\u043d\u0441\u0442\u0438\u0442\u0443\u0442", "_type": "Subscript"}, {"py/object": "Sto.Title.DepartmentAndSubject", "_text": "\u041a\u0430\u0444\u0435\u0434\u0440\u0430 \u00ab\u0418\u043d\u0444\u043e\u0440\u043c\u0430\u0442\u0438\u043a\u0430\u00bb", "_type": "DepartmentAndSubject"}, {"py/object": "Sto.Title.Subscript", "_text": "\u043a\u0430\u0444\u0435\u0434\u0440\u0430", "_type": "Subscript"}, {"py/object": "Sto.Title.ForHelpTitlePageCenter", "_text": "", "_type": "TypeForHelpTitlePageCenter"}, {"py/object": "Sto.Title.ForHelpTitlePageCenter", "_text": "", "_type": "TypeForHelpTitlePageCenter"}, {"py/object": "Sto.Title.ForHelpTitlePageCenter", "_text": "", "_type": "TypeForHelpTitlePageCenter"}, {"py/object": "Sto.Title.ForHelpTitlePageCenter", "_text": "", "_type": "TypeForHelpTitlePageCenter"}, {"py/object": "Sto.Title.ForHelpTitlePageCenter", "_text": "", "_type": "TypeForHelpTitlePageCenter"}, {"py/object": "Sto.Title.ForHelpTitlePageCenter", "_text": "", "_type": "TypeForHelpTitlePageCenter"}, {"py/object": "Sto.Title.ForHelpTitlePageCenter", "_text": "", "_type": "TypeForHelpTitlePageCenter"}, {"py/object": "Sto.Title.ForHelpTitlePageCenter", "_text": "", "_type": "TypeForHelpTitlePageCenter"}, {"py/object": "Sto.Title.ForHelpTitlePageCenter", "_text": "", "_type": "TypeForHelpTitlePageCenter"}, {"py/object": "Sto.Title.ForHelpTitlePageCenter", "_text": "", "_type": "TypeForHelpTitlePageCenter"}, {"py/object": "Sto.Title.JobTitle", "_text": "\u041e\u0422\u0427\u0415\u0422 \u041f\u041e \u041f\u0420\u0410\u041a\u0422\u0418\u0427\u0415\u0421\u041a\u041e\u0419 \u0420\u0410\u0411\u041e\u0422\u0415 \u21165", "_type": "JobTitle"}, {"py/object": "Sto.Title.ForHelpTitlePageCenter", "_text": "", "_type": "TypeForHelpTitlePageCenter"}, {"py/object": "Sto.Title.DepartmentAndSubject", "_text": "Sass-\u0444\u0430\u0439\u043b\u044b Bootstrap", "_type": "DepartmentAndSubject"}, {"py/object": "Sto.Title.Subscript", "_text": "\u0442\u0435\u043c\u0430", "_type": "Subscript"}, {"py/object": "Sto.Title.ForHelpTitlePageCenter", "_text": "", "_type": "TypeForHelpTitlePageCenter"}, {"py/object": "Sto.Title.ForHelpTitlePageCenter", "_text": "", "_type": "TypeForHelpTitlePageCenter"}, {"py/object": "Sto.Title.ForHelpTitlePageCenter", "_text": "", "_type": "TypeForHelpTitlePageCenter"}, {"py/object": "Sto.Title.ForHelpTitlePageCenter", "_text": "", "_type": "TypeForHelpTitlePageCenter"}, {"py/object": "Sto.Title.ForHelpTitlePageCenter", "_text": "", "_type": "TypeForHelpTitlePageCenter"}, {"py/object": "Sto.Title.ForHelpTitlePageCenter", "_text": "", "_type": "TypeForHelpTitlePageCenter"}, {"py/object": "Sto.Title.ForHelpTitlePageCenter", "_text": "", "_type": "TypeForHelpTitlePageCenter"}, {"py/object": "Sto.Title.ForHelpTitlePageCenter", "_text": "", "_type": "TypeForHelpTitlePageCenter"}, {"py/object": "Sto.Title.TeacherAndStudent", "_text": "\u0442\u0430\u0431\u043b\u0438\u0446\u0430", "_type": "TeacherAndStudent", "_table": ["\u041f\u0440\u0435\u043f\u043e\u0434\u0430\u0432\u0430\u0442\u0435\u043b\u044c", " ", "\u0410.\u041a. \u041f\u043e\u0433\u0440\u0435\u0431\u043d\u0438\u043a\u043e\u0432", " ", "\u043f\u043e\u0434\u043f\u0438\u0441\u044c, \u0434\u0430\u0442\u0430", "\u0438\u043d\u0438\u0446\u0438\u0430\u043b\u044b, \u0444\u0430\u043c\u0438\u043b\u0438\u044f", "\u0421\u0442\u0443\u0434\u0435\u043d\u0442 \u041a\u041818-17/1\u0431  031831229", " ", "\u0412.\u0410. \u041f\u0440\u0435\u043a\u0435\u043b\u044c", "\u043d\u043e\u043c\u0435\u0440 \u0433\u0440\u0443\u043f\u043f\u044b, \u0437\u0430\u0447\u0435\u0442\u043d\u043e\u0439 \u043a\u043d\u0438\u0436\u043a\u0438", "\u043f\u043e\u0434\u043f\u0438\u0441\u044c, \u0434\u0430\u0442\u0430", "\u0438\u043d\u0438\u0446\u0438\u0430\u043b\u044b, \u0444\u0430\u043c\u0438\u043b\u0438\u044f"]}, {"py/object": "Sto.Title.ForHelpTitlePageCenter", "_text": "", "_type": "TypeForHelpTitlePageCenter"}, {"py/object": "Sto.Title.ForHelpTitlePageCenter", "_text": "", "_type": "TypeForHelpTitlePageCenter"}, {"py/object": "Sto.Title.ForHelpTitlePageCenter", "_text": "", "_type": "TypeForHelpTitlePageCenter"}, {"py/object": "Sto.Title.ForHelpTitlePageCenter", "_text": "", "_type": "TypeForHelpTitlePageCenter"}, {"py/object": "Sto.Title.ForHelpTitlePageCenter", "_text": "", "_type": "TypeForHelpTitlePageCenter"}, {"py/object": "Sto.Title.ForHelpTitlePageCenter", "_text": "", "_type": "TypeForHelpTitlePageCenter"}, {"py/object": "Sto.Title.ForHelpTitlePageCenter", "_text": "", "_type": "TypeForHelpTitlePageCenter"}, {"py/object": "Sto.Title.ForHelpTitlePageCenter", "_text": "", "_type": "TypeForHelpTitlePageCenter"}, {"py/object": "Sto.Title.ForHelpTitlePageCenter", "_text": "", "_type": "TypeForHelpTitlePageCenter"}, {"py/object": "Sto.Title.ForHelpTitlePageCenter", "_text": "", "_type": "TypeForHelpTitlePageCenter"}, {"py/object": "Sto.Title.ForHelpTitlePageCenter", "_text": "\u041a\u0440\u0430\u0441\u043d\u043e\u044f\u0440\u0441\u043a 2020", "_type": "TypeForHelpTitlePageCenter"}]}, "_headings": [{"py/object": "Sto.Heading.Heading", "_text": "\u0426\u0435\u043b\u044c", "_type": "Heading", "_paragraphs": [{"py/object": "Sto.Paragraph.Paragraph", "_text": "\u041d\u0430\u0443\u0447\u0438\u0442\u044c\u0441\u044f \u043f\u0440\u0438\u043c\u0435\u043d\u044f\u0442\u044c \u0432\u043e\u0437\u043c\u043e\u0436\u043d\u043e\u0441\u0442\u0438 \u043a\u043b\u0430\u0441\u0441\u043e\u0432 Bootstrap \u0432 \u043f\u0440\u043e\u0446\u0435\u0441\u0441\u0435 \u0441\u043e\u0437\u0434\u0430\u043d\u0438\u044f \u0440\u0430\u0437\u043c\u0435\u0442\u043a\u0438 \u043f\u0440\u043e\u0435\u043a\u0442\u0430.", "_type": "Paragraph"}], "_level": 1}, {"py/object": "Sto.Heading.Heading", "_text": "\u0417\u0430\u0434\u0430\u0447\u0438", "_type": "Heading", "_paragraphs": [], "_level": 1}, {"py/object": "Sto.Heading.Heading", "_text": "\u0425\u043e\u0434 \u0440\u0430\u0431\u043e\u0442\u044b", "_type": "Heading", "_paragraphs": [{"py/object": "Sto.Paragraph.Paragraph", "_text": "\u041f\u043e\u0434\u043a\u043b\u044e\u0447\u0435\u043d npm-\u043f\u0430\u043a\u0435\u0442 node-sass. \u041d\u0430\u043f\u0438\u0441\u0430\u043d scss \u0444\u0430\u0439\u043b, \u043f\u0435\u0440\u0435\u043e\u043f\u0440\u0435\u0434\u0435\u043b\u044f\u044e\u0449\u0438\u0439 \u043f\u0435\u0440\u0435\u043c\u0435\u043d\u043d\u0443\u044e \u043e\u0441\u043d\u043e\u0432\u043d\u043e\u0433\u043e \u0446\u0432\u0435\u0442\u0430, \u0438\u043c\u043f\u043e\u0440\u0442\u0438\u0440\u0443\u044e\u0449\u0443\u044e Bootstrap (\u0443\u0441\u0442\u0430\u043d\u043e\u0432\u043b\u0435\u043d\u043d\u044b\u0439 \u043a\u0430\u043a npm-\u043f\u0430\u043a\u0435\u0442) \u0438 \u0438\u0437\u043c\u0435\u043d\u0435\u043d\u044b \u0441\u0432\u043e\u0439\u0441\u0442\u0432\u0430 \u043a\u043b\u0430\u0441\u0441\u0430 jumbotron. \u0412 html \u0444\u0430\u0439\u043b\u044b \u043f\u043e\u0434\u043a\u043b\u044e\u0447\u0430\u0435\u0442\u0441\u044f \u0441\u043a\u043e\u043c\u043f\u0438\u043b\u0438\u0440\u043e\u0432\u0430\u043d\u043d\u044b\u0439 css \u0438\u0437 scss \u0444\u0430\u0439\u043b\u0430. \u041a\u043e\u043c\u043f\u0438\u043b\u044f\u0446\u0438\u044f \u043f\u0440\u043e\u0438\u0441\u0445\u043e\u0434\u0438\u0442 \u043a\u043e\u043c\u0430\u043d\u0434\u043e\u0439 npx node-sass scss -o public/css.", "_type": "Paragraph"}, {"py/object": "Sto.Paragraph.Paragraph", "_text": "", "_type": "Paragraph"}, {"py/object": "Sto.Paragraph.Paragraph", "_text": "", "_type": "Paragraph"}, {"py/object": "Sto.Listing.ListingDescription", "_text": "scss/custom.scss", "_type": "ListingDescription"}, {"py/object": "Sto.Listing.Listing", "_text": "$theme-colors: (\"primary\":rgb(random(255), random(255), random(255)));\n\n@import \"../node_modules/bootstrap/scss/bootstrap\";\n\n.jumbotron {\n  background-color: #7bc2b8 !important;\n  border-top: 3px solid rgb(219, 219, 219);\n}\n", "_type": "Listing"}, {"py/object": "Sto.Paragraph.Paragraph", "_text": "", "_type": "Paragraph"}, {"py/object": "Sto.Paragraph.Paragraph", "_text": "", "_type": "Paragraph"}, {"py/object": "Sto.Listing.ListingDescription", "_text": "index.html", "_type": "ListingDescription"}, {"py/object": "Sto.Listing.Listing", "_text": "<!DOCTYPE html>\n<html lang=\"ru\">\n\n<head>\n    <meta charset=\"UTF-8\">\n    <meta name=\"robots\" content=\"index,all\">\n    <meta name=\"author\" content=\"Vladislav Prekel\">\n    <meta name=\"keywords\" content=\"\u043c\u043d\u043e\u0433\u043e\u0447\u043b\u0435\u043d, \u043f\u043e\u043b\u0438\u043d\u043e\u043c, \u0443\u0440\u0430\u0432\u043d\u0435\u043d\u0438\u0435, \u0430\u043b\u0433\u0435\u0431\u0440\u0430\u0438\u0447\u0435\u0441\u043a\u0438\u0439\">\n    <meta name=\"description\"\n        content=\"\u041c\u043d\u043e\u0433\u043e\u0447\u043b\u0435\u043d\u044b \u0438 \u0430\u043b\u0433\u0435\u0431\u0440\u0430\u0438\u0447\u0435\u0441\u043a\u0438\u0435 \u0443\u0440\u0430\u0432\u043d\u0435\u043d\u0438\u044f. \u0427\u0438\u0441\u043b\u0435\u043d\u043d\u043e\u0435 \u0440\u0435\u0448\u0435\u043d\u0438\u0435 \u0430\u043b\u0433\u0435\u0431\u0440\u0430\u0438\u0447\u0435\u0441\u043a\u0438\u0445 \u0443\u0440\u0430\u0432\u043d\u0435\u043d\u0438\u0439.\">\n    <meta name=\"viewport\" content=\"width=device-width, initial-scale=1, shrink-to-fit=no\">\n\n    <link rel=\"icon\" href=\"assets/favicon.ico\" type=\"image/x-icon\">\n\n    <script src=\"https://kit.fontawesome.com/e8a7538d16.js\" crossorigin=\"anonymous\"></script>\n\n    <title>\u041c\u043d\u043e\u0433\u043e\u0447\u043b\u0435\u043d\u044b \u0438 \u0430\u043b\u0433\u0435\u0431\u0440\u0430\u0438\u0447\u0435\u0441\u043a\u0438\u0435 \u0443\u0440\u0430\u0432\u043d\u0435\u043d\u0438\u044f</title>\n\n    <link href=\"public/css/custom.css\" rel=\"stylesheet\">\n    <link href=\"css/styles.css\" rel=\"stylesheet\">\n</head>\n\n<body id=\"body\">\n    <a class=\"fixed-bottom btn-primary\" id=\"to_top\" href=\"#\">\u041d\u0430\u0432\u0435\u0440\u0445</a>\n    <div class=\"container\">\n        <nav class=\"navbar navbar-expand-lg navbar-dark bg-primary\">\n            <a class=\"navbar-brand\" href=\"index.html\">\u041c\u043d\u043e\u0433\u043e\u0447\u043b\u0435\u043d\u044b \u0438 \u0430\u043b\u0433\u0435\u0431\u0440\u0430\u0438\u0447\u0435\u0441\u043a\u0438\u0435 \u0443\u0440\u0430\u0432\u043d\u0435\u043d\u0438\u044f</a>\n            <button class=\"navbar-toggler\" type=\"button\" data-toggle=\"collapse\" data-target=\"#navbarSupportedContent\">\n                <span class=\"navbar-toggler-icon\"></span>\n            </button>\n            <div class=\"collapse navbar-collapse\" id=\"navbarSupportedContent\">\n                <ul class=\"navbar-nav ml-auto\">\n                    <li class=\"nav-item\"><a class=\"nav-link\" href=\"form.html\">\u0424\u043e\u0440\u043c\u0430 \u0432\u0432\u043e\u0434\u0430</a></li>\n                </ul>\n            </div>\n        </nav>\n        <header class=\"jumbotron\">\n            <div class=\"row\">\n                <article class=\"definitions col-lg-4 col-md-8 col-xs\" id=\"monomial\">\n                    <h2>\u041e\u0434\u043d\u043e\u0447\u043b\u0435\u043d</h2>\n                    <p>\u041e\u0434\u043d\u043e\u0447\u043b\u0435\u043d (\u0438\u043b\u0438 \u043c\u043e\u043d\u043e\u043c) \u2014 \u043f\u0440\u043e\u0441\u0442\u043e\u0435 \u043c\u0430\u0442\u0435\u043c\u0430\u0442\u0438\u0447\u0435\u0441\u043a\u043e\u0435 \u0432\u044b\u0440\u0430\u0436\u0435\u043d\u0438\u0435, \u043f\u0440\u0435\u0436\u0434\u0435 \u0432\u0441\u0435\u0433\u043e \u0440\u0430\u0441\u0441\u043c\u0430\u0442\u0440\u0438\u0432\u0430\u0435\u043c\u043e\u0435 \u0438\n                        \u0438\u0441\u043f\u043e\u043b\u044c\u0437\u0443\u0435\u043c\u043e\u0435 \u0432 \u044d\u043b\u0435\u043c\u0435\u043d\u0442\u0430\u0440\u043d\u043e\u0439 \u0430\u043b\u0433\u0435\u0431\u0440\u0435, \u0430 \u0438\u043c\u0435\u043d\u043d\u043e, \u043f\u0440\u043e\u0438\u0437\u0432\u0435\u0434\u0435\u043d\u0438\u0435, \u0441\u043e\u0441\u0442\u043e\u044f\u0449\u0435\u0435 \u0438\u0437 \u0447\u0438\u0441\u043b\u043e\u0432\u043e\u0433\u043e \u043c\u043d\u043e\u0436\u0438\u0442\u0435\u043b\u044f \u0438\n                        \u043e\u0434\u043d\u043e\u0439 \u0438\u043b\u0438 \u043d\u0435\u0441\u043a\u043e\u043b\u044c\u043a\u0438\u0445 \u043f\u0435\u0440\u0435\u043c\u0435\u043d\u043d\u044b\u0445, \u0432\u0437\u044f\u0442\u044b\u0445 \u043a\u0430\u0436\u0434\u0430\u044f \u0432 \u043d\u0435\u043e\u0442\u0440\u0438\u0446\u0430\u0442\u0435\u043b\u044c\u043d\u043e\u0439 \u0446\u0435\u043b\u043e\u0439 \u0441\u0442\u0435\u043f\u0435\u043d\u0438.</p>\n                </article>\n                <article class=\"definitions col-lg-4 col-md-4 col-xs\" id=\"polynomial\">\n                    <h2>\u041c\u043d\u043e\u0433\u043e\u0447\u043b\u0435\u043d</h2>\n                    <p>\u041c\u043d\u043e\u0433\u043e\u0447\u043b\u0435\u043d (\u0438\u043b\u0438 \u043f\u043e\u043b\u0438\u043d\u043e\u043c) \u2014 \u044d\u0442\u043e \u0441\u0443\u043c\u043c\u0430 \u043e\u0434\u043d\u043e\u0447\u043b\u0435\u043d\u043e\u0432.</p>\n                </article>\n                <article class=\"definition col-lg-4 col-lg-4 col-xs\" id=\"equation\">\n                    <h2>\u0410\u043b\u0433\u0435\u0431\u0440\u0430\u0438\u0447\u0435\u0441\u043a\u043e\u0435 \u0443\u0440\u0430\u0432\u043d\u0435\u043d\u0438\u0435</h2>\n                    <p>\u0410\u043b\u0433\u0435\u0431\u0440\u0430\u0438\u0447\u0435\u0441\u043a\u043e\u0435 \u0443\u0440\u0430\u0432\u043d\u0435\u043d\u0438\u0435 (\u043f\u043e\u043b\u0438\u043d\u043e\u043c\u0438\u0430\u043b\u044c\u043d\u043e\u0435 \u0443\u0440\u0430\u0432\u043d\u0435\u043d\u0438\u0435, \u043c\u043d\u043e\u0433\u043e\u0447\u043b\u0435\u043d\u043d\u043e\u0435 \u0443\u0440\u0430\u0432\u043d\u0435\u043d\u0438\u0435) \u2014 \u0443\u0440\u0430\u0432\u043d\u0435\u043d\u0438\u0435 \u0432\u0438\u0434\u0430\n                        P(x1,x2,...) \u0433\u0434\u0435 P \u2014 \u043c\u043d\u043e\u0433\u043e\u0447\u043b\u0435\u043d \u043e\u0442 \u043f\u0435\u0440\u0435\u043c\u0435\u043d\u043d\u044b\u0445 x1, ..., xn \u2014 \u043a\u043e\u0442\u043e\u0440\u044b\u0435 \u043d\u0430\u0437\u044b\u0432\u0430\u044e\u0442\u0441\u044f \u043d\u0435\u0438\u0437\u0432\u0435\u0441\u0442\u043d\u044b\u043c\u0438.</p>\n                </article>\n            </div>\n        </header>\n        <section class=\"row\">\n            <article class=\"definitions col-lg-6\" id=\"plot\">\n                <div class=\"card mb-4 card-body text-center\">\n                    <img id=\"plot_picture\" src=\"assets/plot.png\" alt=\"\u0413\u0440\u0430\u0444\u0438\u043a \u0430\u043b\u0433\u0435\u0431\u0440\u0430\u0438\u0447\u0435\u0441\u043a\u043e\u0433\u043e \u0443\u0440\u0430\u0432\u043d\u0435\u043d\u0438\u044f\">\n                    <p class=\"picture-description\">\u0413\u0440\u0430\u0444\u0438\u043a \u0430\u043b\u0433\u0435\u0431\u0440\u0430\u0438\u0447\u0435\u0441\u043a\u043e\u0433\u043e \u0443\u0440\u0430\u0432\u043d\u0435\u043d\u0438\u044f\n                        <span class=\"math\">x<sup>3</sup>-2x<sup>2</sup>-x+2</span>\n                    </p>\n                </div>\n            </article>\n            <article class=\"references col col-lg-6\">\n                <div class=\"card mb-4 card-body\">\n                    <table class=\"table table-bordered\">\n                        <caption><span class=\"math\">y = x<sup>3</sup>-2x<sup>2</sup>-x+2</span></caption>\n                        <tr>\n                            <th scope=\"row\">x</td>\n                            <td>-3</td>\n                            <td>-2</td>\n                            <td>-1</td>\n                            <td>0</td>\n                            <td>1</td>\n                            <td>2</td>\n                            <td>3</td>\n                        </tr>\n                        <tr>\n                            <th scope=\"row\">y</td>\n                            <td>-40</td>\n                            <td>-12</td>\n                            <td>0</td>\n                            <td>2</td>\n                            <td>0</td>\n                            <td>0</td>\n                            <td>8</td>\n                        </tr>\n                    </table>\n                </div>\n                <div class=\"card mb-4 card-body\">\n                    <h3 class=\"sources-header\" id=\"list-sources\">\u0421\u0441\u044b\u043b\u043a\u0438:</h3>\n                    <ol>\n                        <li><a href=\"https://ru.wikipedia.org/wiki/%D0%9C%D0%BD%D0%BE%D0%B3%D0%BE%D1%87%D0%BB%D0%B5%D0%BD\"\n                                target=\"_blank\" rel=\"noopener\">\u041c\u043d\u043e\u0433\u043e\u0447\u043b\u0435\u043d \u2014 \u0412\u0438\u043a\u0438\u043f\u0435\u0434\u0438\u044f</a></li>\n                        <li><a href=\"https://www.mathsisfun.com/algebra/polynomials.html\" target=\"_blank\"\n                                rel=\"noopener\">Polynomials \u2014 Math is\n                                Fun</a>\n                        </li>\n                        <li><a href=\"https://byjus.com/maths/polynomial-equations/\" target=\"_blank\"\n                                rel=\"noopener\">Polynomial Equations -\n                                Definition,\n                                Functions, Types and Examples</a></li>\n                    </ol>\n                </div>\n                <footer class=\"card mb-4 card-body\">\n                    <p>\n                        <time datetime=\"2020-10-01 23:26\">1 \u043e\u043a\u0442\u044f\u0431\u0440\u044f 2020.</time>\n                        \u0412\u043b\u0430\u0434\u0438\u0441\u043b\u0430\u0432 \u041f\u0440\u0435\u043a\u0435\u043b\u044c.\n                    </p>\n                </footer>\n            </article>\n        </section>\n    </div>\n    <script src=\"https://code.jquery.com/jquery-3.5.1.slim.min.js\"\n        integrity=\"sha384-DfXdz2htPH0lsSSs5nCTpuj/zy4C+OGpamoFVy38MVBnE+IbbVYUew+OrCXaRkfj\"\n        crossorigin=\"anonymous\"></script>\n    <script src=\"https://cdn.jsdelivr.net/npm/popper.js@1.16.1/dist/umd/popper.min.js\"\n        integrity=\"sha384-9/reFTGAW83EW2RDu2S0VKaIzap3H66lZH81PoYlFhbGU+6BZp6G7niu735Sk7lN\"\n        crossorigin=\"anonymous\"></script>\n    <script src=\"https://stackpath.bootstrapcdn.com/bootstrap/4.5.2/js/bootstrap.min.js\"\n        integrity=\"sha384-B4gt1jrGC7Jh4AgTPSdUtOBvfO8shuf57BaghqFfPlYxofvL8/KUEfYiJOMMV+rV\"\n        crossorigin=\"anonymous\"></script>\n</body>\n\n</html>", "_type": "Listing"}, {"py/object": "Sto.Paragraph.Paragraph", "_text": "", "_type": "Paragraph"}, {"py/object": "Sto.Paragraph.Paragraph", "_text": "", "_type": "Paragraph"}, {"py/object": "Sto.Listing.ListingDescription", "_text": "form.html", "_type": "ListingDescription"}, {"py/object": "Sto.Listing.Listing", "_text": "<!DOCTYPE html>\n<html lang=\"ru\">\n\n<head>\n    <meta charset=\"UTF-8\">\n    <meta name=\"robots\" content=\"index,all\">\n    <meta name=\"author\" content=\"Vladislav Prekel\">\n    <meta name=\"keywords\" content=\"\u043c\u043d\u043e\u0433\u043e\u0447\u043b\u0435\u043d, \u043f\u043e\u043b\u0438\u043d\u043e\u043c, \u0443\u0440\u0430\u0432\u043d\u0435\u043d\u0438\u0435, \u0430\u043b\u0433\u0435\u0431\u0440\u0430\u0438\u0447\u0435\u0441\u043a\u0438\u0439\">\n    <meta name=\"description\"\n        content=\"\u041c\u043d\u043e\u0433\u043e\u0447\u043b\u0435\u043d\u044b \u0438 \u0430\u043b\u0433\u0435\u0431\u0440\u0430\u0438\u0447\u0435\u0441\u043a\u0438\u0435 \u0443\u0440\u0430\u0432\u043d\u0435\u043d\u0438\u044f. \u0427\u0438\u0441\u043b\u0435\u043d\u043d\u043e\u0435 \u0440\u0435\u0448\u0435\u043d\u0438\u0435 \u0430\u043b\u0433\u0435\u0431\u0440\u0430\u0438\u0447\u0435\u0441\u043a\u0438\u0445 \u0443\u0440\u0430\u0432\u043d\u0435\u043d\u0438\u0439.\">\n    <meta name=\"viewport\" content=\"width=device-width, initial-scale=1, shrink-to-fit=no\">\n\n    <link rel=\"icon\" href=\"assets/favicon.ico\" type=\"image/x-icon\">\n\n    <script src=\"https://kit.fontawesome.com/e8a7538d16.js\" crossorigin=\"anonymous\"></script>\n\n    <title>\u041c\u043d\u043e\u0433\u043e\u0447\u043b\u0435\u043d\u044b \u0438 \u0430\u043b\u0433\u0435\u0431\u0440\u0430\u0438\u0447\u0435\u0441\u043a\u0438\u0435 \u0443\u0440\u0430\u0432\u043d\u0435\u043d\u0438\u044f (\u0444\u043e\u0440\u043c\u0430 \u0432\u0432\u043e\u0434\u0430)</title>\n\n    <link href=\"public/css/custom.css\" rel=\"stylesheet\">\n    <link href=\"css/styles.css\" rel=\"stylesheet\">\n</head>\n\n<body id=\"body\">\n    <a class=\"fixed-bottom btn-primary\" id=\"to_top\" href=\"#\">\u041d\u0430\u0432\u0435\u0440\u0445</a>\n    <div class=\"container\">\n        <nav class=\"navbar navbar-expand-lg navbar-dark bg-primary\">\n            <a class=\"navbar-brand\" href=\"index.html\">\u041c\u043d\u043e\u0433\u043e\u0447\u043b\u0435\u043d\u044b \u0438 \u0430\u043b\u0433\u0435\u0431\u0440\u0430\u0438\u0447\u0435\u0441\u043a\u0438\u0435 \u0443\u0440\u0430\u0432\u043d\u0435\u043d\u0438\u044f</a>\n            <button class=\"navbar-toggler\" type=\"button\" data-toggle=\"collapse\" data-target=\"#navbarSupportedContent\">\n                <span class=\"navbar-toggler-icon\"></span>\n            </button>\n            <div class=\"collapse navbar-collapse\" id=\"navbarSupportedContent\">\n                <ul class=\"navbar-nav ml-auto\">\n                    <li class=\"nav-item\"><a class=\"nav-link\" href=\"form.html\">\u0424\u043e\u0440\u043c\u0430 \u0432\u0432\u043e\u0434\u0430</a></li>\n                </ul>\n            </div>\n        </nav>\n        <div class=\"card card-body mb-4\">\n            <h1>\u0424\u043e\u0440\u043c\u0430 \u043e\u0431\u0440\u0430\u0442\u043d\u043e\u0439 \u0441\u0432\u044f\u0437\u0438</h1>\n            <div class=\"panel-body container\">\n                <form class=\"form-group\">\n                    <i class=\"fas fa-mail-bulk\"></i>\n                    <label for=\"email\">\u0410\u0434\u0440\u0435\u0441 \u044d\u043b\u0435\u043a\u0442\u0440\u043e\u043d\u043d\u043e\u0439 \u043f\u043e\u0447\u0442\u044b</label>\n                    <input type=\"email\" class=\"form-control\" id=\"email\" placeholder=\"misterptits@yandex.ru\">\n                </form>\n                <form class=\"form-group\">\n                    <i class=\"fas fa-phone-alt\"></i>\n                    <label for=\"number\">\u041c\u043e\u0431\u0438\u043b\u044c\u043d\u044b\u0439 \u0442\u0435\u043b\u0435\u0444\u043e\u043d</label>\n                    <input type=\"tel\" class=\"form-control\" id=\"number\" placeholder=\"+7 923 280 9414\">\n                </form>\n                <form class=\"form-group\">\n                    <i class=\"fas fa-calendar-day\"></i>\n                    <label for=\"date\">\u0414\u0430\u0442\u0430 \u0434\u043b\u044f \u0441\u0432\u044f\u0437\u0438</label>\n                    <input type=\"date\" class=\"form-control\" id=\"date\" placeholder=\"03/12/1999\">\n                </form>\n                <i class=\"fas fa-venus-mars\"></i>\n                <label for=\"gender\">\u041f\u043e\u043b \u043e\u0431\u0440\u0430\u0449\u0430\u044e\u0449\u0435\u0433\u043e\u0441\u044f:</label>\n                <form class=\"form-group\">\n                    <div class=\"form-check-inline\">\n                        <label class=\"form-check-lable\">\n                            <input type=\"radio\" class=\"form-check-input\" name=\"gender\">\u041c\u0443\u0436\u0441\u043a\u043e\u0439\n                        </label>\n                    </div>\n                    <div class=\"form-check-inline\">\n                        <label class=\"form-check-lable\">\n                            <input type=\"radio\" class=\"form-check-input\" name=\"gender\">\u0416\u0435\u043d\u0441\u043a\u0438\u0439\n                        </label>\n                    </div>\n                    <div class=\"form-check-inline\">\n                        <label class=\"form-check-lable\">\n                            <input type=\"radio\" class=\"form-check-input\" name=\"gender\">\u041d\u0435\u0432\u0430\u0436\u043d\u043e\n                        </label>\n                    </div>\n                </form>\n                <div class=\"btn-group\" role=\"group\">\n                    <button type=\"button\" class=\"btn btn-success\">\u041e\u0442\u043f\u0440\u0430\u0432\u0438\u0442\u044c</button>\n                    <button type=\"button\" class=\"btn btn-danger\">\u041d\u0435 \u043e\u0442\u043f\u0440\u0430\u0432\u043b\u044f\u0442\u044c</button>\n                </div>\n            </div>\n        </div>\n    </div>\n    <script src=\"https://code.jquery.com/jquery-3.5.1.slim.min.js\"\n        integrity=\"sha384-DfXdz2htPH0lsSSs5nCTpuj/zy4C+OGpamoFVy38MVBnE+IbbVYUew+OrCXaRkfj\"\n        crossorigin=\"anonymous\"></script>\n    <script src=\"https://cdn.jsdelivr.net/npm/popper.js@1.16.1/dist/umd/popper.min.js\"\n        integrity=\"sha384-9/reFTGAW83EW2RDu2S0VKaIzap3H66lZH81PoYlFhbGU+6BZp6G7niu735Sk7lN\"\n        crossorigin=\"anonymous\"></script>\n    <script src=\"https://stackpath.bootstrapcdn.com/bootstrap/4.5.2/js/bootstrap.min.js\"\n        integrity=\"sha384-B4gt1jrGC7Jh4AgTPSdUtOBvfO8shuf57BaghqFfPlYxofvL8/KUEfYiJOMMV+rV\"\n        crossorigin=\"anonymous\"></script>\n</body>\n\n</html>", "_type": "Listing"}, {"py/object": "Sto.Paragraph.Paragraph", "_text": "", "_type": "Paragraph"}, {"py/object": "Sto.Paragraph.Paragraph", "_text": "", "_type": "Paragraph"}, {"py/object": "Sto.Listing.ListingDescription", "_text": "css/styles.css", "_type": "ListingDescription"}, {"py/object": "Sto.Listing.Listing", "_text": "img#plot_picture {\n    height: 100%;\n    width: 100%;\n    margin-left: auto;\n    margin-right: auto;\n}\n\n#to_top {\n    width: 10vw;\n    min-width: 70px;\n    max-width: 100px;\n}\n\n.math {\n    font-family: 'Cambria Math', sans-serif\n}\n\nbody {\n    background: url(\"../assets/background.png\");\n}\n", "_type": "Listing"}, {"py/object": "Sto.Paragraph.Paragraph", "_text": "", "_type": "Paragraph"}, {"py/object": "Sto.Paragraph.Paragraph", "_text": "", "_type": "Paragraph"}, {"py/object": "Sto.Picture.Picture", "_text": "pic5.png", "_type": "Picture"}, {"py/object": "Sto.Picture.PictureDescription", "_text": "\u0413\u043b\u0430\u0432\u043d\u0430\u044f \u0441\u0442\u0440\u0430\u043d\u0438\u0446\u0430", "_type": "PictureDescription"}, {"py/object": "Sto.Paragraph.Paragraph", "_text": "", "_type": "Paragraph"}], "_level": 1}, {"py/object": "Sto.Heading.Heading", "_text": "\u0412\u044b\u0432\u043e\u0434", "_type": "Heading", "_paragraphs": [{"py/object": "Sto.Paragraph.Paragraph", "_text": "\u0411\u044b\u043b\u0438 \u043d\u0430 \u043f\u0440\u0430\u043a\u0442\u0438\u043a\u0435 \u043e\u0441\u0432\u043e\u0435\u043d\u044b \u043d\u0430\u0432\u044b\u043a\u0438 \u0440\u0430\u0431\u043e\u0442\u044b \u0441 Sass-\u0444\u0430\u0439\u043b\u0430\u043c\u0438 \u0438 \u0438\u0445 \u043a\u043e\u043c\u043f\u0438\u043b\u044f\u0446\u0438\u0438 \u0432 CSS-\u0444\u0430\u0439\u043b\u044b. \u0421\u0430\u0439\u0442 \u0434\u043e\u0441\u0442\u0443\u043f\u0435\u043d \u043f\u043e \u0430\u0434\u0440\u0435\u0441\u0443 https://prekel.github.io/WebFrontend/Pr_05/index.html", "_type": "Paragraph"}], "_level": 1}], "_resources_list": null, "_attachments": []}