{"py/object": "Sto.StoDocument.StoDocument", "_title_page": {"py/object": "Sto.Title.TitlePage", "_paragraphs": [{"py/object": "Sto.Title.ForHelpTitlePageCenter", "_text": "\u0424\u0435\u0434\u0435\u0440\u0430\u043b\u044c\u043d\u043e\u0435 \u0433\u043e\u0441\u0443\u0434\u0430\u0440\u0441\u0442\u0432\u0435\u043d\u043d\u043e\u0435 \u0430\u0432\u0442\u043e\u043d\u043e\u043c\u043d\u043e\u0435", "_type": "TypeForHelpTitlePageCenter"}, {"py/object": "Sto.Title.ForHelpTitlePageCenter", "_text": "\u043e\u0431\u0440\u0430\u0437\u043e\u0432\u0430\u0442\u0435\u043b\u044c\u043d\u043e\u0435 \u0443\u0447\u0440\u0435\u0436\u0434\u0435\u043d\u0438\u0435", "_type": "TypeForHelpTitlePageCenter"}, {"py/object": "Sto.Title.ForHelpTitlePageCenter", "_text": "\u0432\u044b\u0441\u0448\u0435\u0433\u043e \u043e\u0431\u0440\u0430\u0437\u043e\u0432\u0430\u043d\u0438\u044f", "_type": "TypeForHelpTitlePageCenter"}, {"py/object": "Sto.Title.ForHelpTitlePageCenter", "_text": "\u00ab\u0421\u0418\u0411\u0418\u0420\u0421\u041a\u0418\u0419 \u0424\u0415\u0414\u0415\u0420\u0410\u041b\u042c\u041d\u042b\u0419 \u0423\u041d\u0418\u0412\u0415\u0420\u0421\u0418\u0422\u0415\u0422\u00bb", "_type": "TypeForHelpTitlePageCenter"}, {"py/object": "Sto.Title.ForHelpTitlePageCenter", "_text": "", "_type": "TypeForHelpTitlePageCenter"}, {"py/object": "Sto.Title.DepartmentAndSubject", "_text": "\u0418\u043d\u0441\u0442\u0438\u0442\u0443\u0442 \u041a\u043e\u0441\u043c\u0438\u0447\u0435\u0441\u043a\u0438\u0445 \u0438 \u0438\u043d\u0444\u043e\u0440\u043c\u0430\u0446\u0438\u043e\u043d\u043d\u044b\u0445 \u0442\u0435\u0445\u043d\u043e\u043b\u043e\u0433\u0438\u0439", "_type": "DepartmentAndSubject"}, {"py/object": "Sto.Title.Subscript", "_text": "\u0438\u043d\u0441\u0442\u0438\u0442\u0443\u0442", "_type": "Subscript"}, {"py/object": "Sto.Title.DepartmentAndSubject", "_text": "\u041a\u0430\u0444\u0435\u0434\u0440\u0430 \u00ab\u0418\u043d\u0444\u043e\u0440\u043c\u0430\u0442\u0438\u043a\u0430\u00bb", "_type": "DepartmentAndSubject"}, {"py/object": "Sto.Title.Subscript", "_text": "\u043a\u0430\u0444\u0435\u0434\u0440\u0430", "_type": "Subscript"}, {"py/object": "Sto.Title.ForHelpTitlePageCenter", "_text": "", "_type": "TypeForHelpTitlePageCenter"}, {"py/object": "Sto.Title.ForHelpTitlePageCenter", "_text": "", "_type": "TypeForHelpTitlePageCenter"}, {"py/object": "Sto.Title.ForHelpTitlePageCenter", "_text": "", "_type": "TypeForHelpTitlePageCenter"}, {"py/object": "Sto.Title.ForHelpTitlePageCenter", "_text": "", "_type": "TypeForHelpTitlePageCenter"}, {"py/object": "Sto.Title.ForHelpTitlePageCenter", "_text": "", "_type": "TypeForHelpTitlePageCenter"}, {"py/object": "Sto.Title.ForHelpTitlePageCenter", "_text": "", "_type": "TypeForHelpTitlePageCenter"}, {"py/object": "Sto.Title.ForHelpTitlePageCenter", "_text": "", "_type": "TypeForHelpTitlePageCenter"}, {"py/object": "Sto.Title.ForHelpTitlePageCenter", "_text": "", "_type": "TypeForHelpTitlePageCenter"}, {"py/object": "Sto.Title.ForHelpTitlePageCenter", "_text": "", "_type": "TypeForHelpTitlePageCenter"}, {"py/object": "Sto.Title.ForHelpTitlePageCenter", "_text": "", "_type": "TypeForHelpTitlePageCenter"}, {"py/object": "Sto.Title.JobTitle", "_text": "\u041e\u0422\u0427\u0415\u0422 \u041f\u041e \u041f\u0420\u0410\u041a\u0422\u0418\u0427\u0415\u0421\u041a\u041e\u0419 \u0420\u0410\u0411\u041e\u0422\u0415 \u21166", "_type": "JobTitle"}, {"py/object": "Sto.Title.ForHelpTitlePageCenter", "_text": "", "_type": "TypeForHelpTitlePageCenter"}, {"py/object": "Sto.Title.DepartmentAndSubject", "_text": "\u041e\u0441\u043d\u043e\u0432\u044b \u0440\u0430\u0431\u043e\u0442\u044b c JavaScript", "_type": "DepartmentAndSubject"}, {"py/object": "Sto.Title.Subscript", "_text": "\u0442\u0435\u043c\u0430", "_type": "Subscript"}, {"py/object": "Sto.Title.ForHelpTitlePageCenter", "_text": "", "_type": "TypeForHelpTitlePageCenter"}, {"py/object": "Sto.Title.ForHelpTitlePageCenter", "_text": "", "_type": "TypeForHelpTitlePageCenter"}, {"py/object": "Sto.Title.ForHelpTitlePageCenter", "_text": "", "_type": "TypeForHelpTitlePageCenter"}, {"py/object": "Sto.Title.ForHelpTitlePageCenter", "_text": "", "_type": "TypeForHelpTitlePageCenter"}, {"py/object": "Sto.Title.ForHelpTitlePageCenter", "_text": "", "_type": "TypeForHelpTitlePageCenter"}, {"py/object": "Sto.Title.ForHelpTitlePageCenter", "_text": "", "_type": "TypeForHelpTitlePageCenter"}, {"py/object": "Sto.Title.ForHelpTitlePageCenter", "_text": "", "_type": "TypeForHelpTitlePageCenter"}, {"py/object": "Sto.Title.ForHelpTitlePageCenter", "_text": "", "_type": "TypeForHelpTitlePageCenter"}, {"py/object": "Sto.Title.TeacherAndStudent", "_text": "\u0442\u0430\u0431\u043b\u0438\u0446\u0430", "_type": "TeacherAndStudent", "_table": ["\u041f\u0440\u0435\u043f\u043e\u0434\u0430\u0432\u0430\u0442\u0435\u043b\u044c", " ", "\u0410.\u041a. \u041f\u043e\u0433\u0440\u0435\u0431\u043d\u0438\u043a\u043e\u0432", " ", "\u043f\u043e\u0434\u043f\u0438\u0441\u044c, \u0434\u0430\u0442\u0430", "\u0438\u043d\u0438\u0446\u0438\u0430\u043b\u044b, \u0444\u0430\u043c\u0438\u043b\u0438\u044f", "\u0421\u0442\u0443\u0434\u0435\u043d\u0442 \u041a\u041818-17/1\u0431  031831229", " ", "\u0412.\u0410. \u041f\u0440\u0435\u043a\u0435\u043b\u044c", "\u043d\u043e\u043c\u0435\u0440 \u0433\u0440\u0443\u043f\u043f\u044b, \u0437\u0430\u0447\u0435\u0442\u043d\u043e\u0439 \u043a\u043d\u0438\u0436\u043a\u0438", "\u043f\u043e\u0434\u043f\u0438\u0441\u044c, \u0434\u0430\u0442\u0430", "\u0438\u043d\u0438\u0446\u0438\u0430\u043b\u044b, \u0444\u0430\u043c\u0438\u043b\u0438\u044f"]}, {"py/object": "Sto.Title.ForHelpTitlePageCenter", "_text": "", "_type": "TypeForHelpTitlePageCenter"}, {"py/object": "Sto.Title.ForHelpTitlePageCenter", "_text": "", "_type": "TypeForHelpTitlePageCenter"}, {"py/object": "Sto.Title.ForHelpTitlePageCenter", "_text": "", "_type": "TypeForHelpTitlePageCenter"}, {"py/object": "Sto.Title.ForHelpTitlePageCenter", "_text": "", "_type": "TypeForHelpTitlePageCenter"}, {"py/object": "Sto.Title.ForHelpTitlePageCenter", "_text": "", "_type": "TypeForHelpTitlePageCenter"}, {"py/object": "Sto.Title.ForHelpTitlePageCenter", "_text": "", "_type": "TypeForHelpTitlePageCenter"}, {"py/object": "Sto.Title.ForHelpTitlePageCenter", "_text": "", "_type": "TypeForHelpTitlePageCenter"}, {"py/object": "Sto.Title.ForHelpTitlePageCenter", "_text": "", "_type": "TypeForHelpTitlePageCenter"}, {"py/object": "Sto.Title.ForHelpTitlePageCenter", "_text": "", "_type": "TypeForHelpTitlePageCenter"}, {"py/object": "Sto.Title.ForHelpTitlePageCenter", "_text": "", "_type": "TypeForHelpTitlePageCenter"}, {"py/object": "Sto.Title.ForHelpTitlePageCenter", "_text": "\u041a\u0440\u0430\u0441\u043d\u043e\u044f\u0440\u0441\u043a 2020", "_type": "TypeForHelpTitlePageCenter"}]}, "_headings": [{"py/object": "Sto.Heading.Heading", "_text": "\u0426\u0435\u043b\u044c", "_type": "Heading", "_paragraphs": [{"py/object": "Sto.Paragraph.Paragraph", "_text": "\u041e\u0441\u0432\u043e\u0438\u0442\u044c \u0432\u043e\u0437\u043c\u043e\u0436\u043d\u043e\u0441\u0442\u0438 \u0434\u0438\u043d\u0430\u043c\u0438\u0447\u0435\u0441\u043a\u043e\u0433\u043e \u0443\u043f\u0440\u0430\u0432\u043b\u0435\u043d\u0438\u044f \u0441\u043e\u0434\u0435\u0440\u0436\u0438\u043c\u044b\u043c \u0432\u0435\u0431-\u0441\u0442\u0440\u0430\u043d\u0438\u0446\u044b \u043f\u0440\u0438 \u043f\u043e\u043c\u043e\u0449\u0438 \u043a\u043e\u0434\u0430 \u043d\u0430 JavaScript.", "_type": "Paragraph"}], "_level": 1}, {"py/object": "Sto.Heading.Heading", "_text": "\u0417\u0430\u0434\u0430\u0447\u0438", "_type": "Heading", "_paragraphs": [{"py/object": "Sto.Paragraph.Paragraph", "_text": "\u0412\u044b\u0431\u0440\u0430\u0442\u044c 3 \u0437\u0430\u0434\u0430\u043d\u0438\u044f \u0438\u0437 \u0441\u043f\u0438\u0441\u043a\u0430 \u0438 \u0440\u0435\u0430\u043b\u0438\u0437\u043e\u0432\u0430\u0442\u044c \u0438\u0445 \u0432 \u0432\u0438\u0434\u0435 \u0444\u0443\u043d\u043a\u0446\u0438\u0438. \u0424\u0443\u043d\u043a\u0446\u0438\u0438 \u0434\u043e\u043b\u0436\u043d\u044b \u043f\u0440\u0438\u043d\u0438\u043c\u0430\u0442\u044c \u043d\u0430 \u0432\u0445\u043e\u0434 \u0432\u0441\u0435 \u043d\u0435\u043e\u0431\u0445\u043e\u0434\u0438\u043c\u044b\u0435 \u0434\u0430\u043d\u043d\u044b\u0435 (\u043d\u0430\u043f\u0440\u0438\u043c\u0435\u0440, \u043f\u043e\u0441\u043b\u0435\u0434\u043e\u0432\u0430\u0442\u0435\u043b\u044c\u043d\u043e\u0441\u0442\u0438 \u0446\u0438\u0444\u0440 \u0438\u043b\u0438 \u0441\u0438\u043c\u0432\u043e\u043b\u043e\u0432). \u0412\u044b\u0432\u043e\u0434 \u0440\u0435\u0430\u043b\u0438\u0437\u043e\u0432\u0430\u0442\u044c \u0432 \u043b\u044e\u0431\u043e\u043c \u0443\u0434\u043e\u0431\u043d\u043e\u043c \u0444\u043e\u0440\u043c\u0430\u0442\u0435. \u0414\u043b\u044f \u0432\u044b\u043f\u043e\u043b\u043d\u0435\u043d\u0438\u044f \u043f\u0440\u0430\u043a\u0442\u0438\u0447\u0435\u0441\u043a\u043e\u0433\u043e \u0437\u0430\u0434\u0430\u043d\u0438\u044f \u0431\u044b\u043b\u0438 \u0432\u044b\u0431\u0440\u0430\u043d\u044b \u0441\u043b\u0435\u0434\u0443\u044e\u0449\u0438\u0435 \u0437\u0430\u0434\u0430\u043d\u0438\u044f:", "_type": "Paragraph"}, {"py/object": "Sto.Paragraph.Paragraph", "_text": "1. \u041d\u0430\u0439\u0442\u0438 \u0441\u0443\u043c\u043c\u0443 \u044d\u043b\u0435\u043c\u0435\u043d\u0442\u043e\u0432 \u043f\u043e\u0441\u043b\u0435\u0434\u043e\u0432\u0430\u0442\u0435\u043b\u044c\u043d\u043e\u0441\u0442\u0438.", "_type": "Paragraph"}, {"py/object": "Sto.Paragraph.Paragraph", "_text": "8. \u0421\u043a\u043e\u043b\u044c\u043a\u043e \u0441\u043e\u043e\u0442\u0432\u0435\u0442\u0441\u0442\u0432\u0443\u044e\u0449\u0438\u0445 \u044d\u043b\u0435\u043c\u0435\u043d\u0442\u043e\u0432 \u0434\u0432\u0443\u0445 \u043f\u043e\u0441\u043b\u0435\u0434\u043e\u0432\u0430\u0442\u0435\u043b\u044c\u043d\u043e\u0441\u0442\u0435\u0439 \u0441 \u043e\u0434\u0438\u043d\u0430\u043a\u043e\u0432\u044b\u043c \u043a\u043e\u043b\u0438\u0447\u0435\u0441\u0442\u0432\u043e\u043c \u044d\u043b\u0435\u043c\u0435\u043d\u0442\u043e\u0432 \u0441\u043e\u0432\u043f\u0430\u0434\u0430\u044e\u0442?", "_type": "Paragraph"}, {"py/object": "Sto.Paragraph.Paragraph", "_text": "26. \u041d\u0430\u0439\u0442\u0438 \u0440\u0430\u0437\u043d\u043e\u0441\u0442\u044c \u043c\u0430\u043a\u0441\u0438\u043c\u0430\u043b\u044c\u043d\u043e\u0433\u043e \u0438 \u043c\u0438\u043d\u0438\u043c\u0430\u043b\u044c\u043d\u043e\u0433\u043e \u044d\u043b\u0435\u043c\u0435\u043d\u0442\u043e\u0432 \u043f\u043e\u0441\u043b\u0435\u0434\u043e\u0432\u0430\u0442\u0435\u043b\u044c\u043d\u043e\u0441\u0442\u0438.", "_type": "Paragraph"}], "_level": 1}, {"py/object": "Sto.Heading.Heading", "_text": "\u0425\u043e\u0434 \u0440\u0430\u0431\u043e\u0442\u044b", "_type": "Heading", "_paragraphs": [{"py/object": "Sto.Paragraph.Paragraph", "_text": "\u0412\u043c\u0435\u0441\u0442\u043e JavaScript \u0431\u044b\u043b \u0438\u0441\u043f\u043e\u043b\u044c\u0437\u043e\u0432\u0430\u043d TypeScript, \u043a\u043e\u043c\u043f\u0438\u043b\u0438\u0440\u0443\u0435\u043c\u044b\u0439 \u0432 JavaScript. \u0421\u043d\u0430\u0447\u0430\u043b\u0430 \u0440\u0435\u0430\u043b\u0438\u0437\u043e\u0432\u0430\u043d \u043c\u043e\u0434\u0443\u043b\u044c \u0441 \u0441\u0430\u043c\u0438\u043c\u0438 \u0444\u0443\u043d\u043a\u0446\u0438\u044f\u043c\u0438: \u0434\u043b\u044f \u043f\u0435\u0440\u0432\u043e\u0439 \u0437\u0430\u0434\u0430\u0447\u0438 \u0438\u0441\u043f\u043e\u043b\u044c\u0437\u043e\u0432\u0430\u043d\u0430 \u0441\u0442\u0440\u0435\u043b\u043e\u0447\u043d\u0430\u044f \u0444\u0443\u043d\u043a\u0446\u0438\u044f, \u0434\u043b\u044f \u0432\u0442\u043e\u0440\u043e\u0439 \u043e\u0431\u044b\u0447\u043d\u0430\u044f \u0447\u0435\u0440\u0435\u0437 \u043a\u043b\u044e\u0447\u0435\u0432\u043e\u0435 \u0441\u043b\u043e\u0432\u043e function, \u0434\u043b\u044f \u0442\u0440\u0435\u0442\u044c\u0435\u0439 \u0440\u0435\u0430\u043b\u0438\u0437\u043e\u0432\u0430\u043d \u043a\u043b\u0430\u0441\u0441. \u0414\u043b\u044f \u0432\u044b\u0447\u0438\u0441\u043b\u0435\u043d\u0438\u044f \u0432\u0441\u0435\u0445 \u0437\u0430\u0434\u0430\u0447 \u0438\u0441\u043f\u043e\u043b\u044c\u0437\u043e\u0432\u0430\u043b\u0438\u0441\u044c \u0444\u0443\u043d\u043a\u0446\u0438\u0438 map \u0438 reduce. ", "_type": "Paragraph"}, {"py/object": "Sto.Paragraph.Paragraph", "_text": "", "_type": "Paragraph"}, {"py/object": "Sto.Listing.ListingDescription", "_text": "tasks.ts", "_type": "ListingDescription"}, {"py/object": "Sto.Listing.Listing", "_text": "// 1. \u041d\u0430\u0439\u0442\u0438 \u0441\u0443\u043c\u043c\u0443 \u044d\u043b\u0435\u043c\u0435\u043d\u0442\u043e\u0432 \u043f\u043e\u0441\u043b\u0435\u0434\u043e\u0432\u0430\u0442\u0435\u043b\u044c\u043d\u043e\u0441\u0442\u0438.\nexport const arraySum = (a: number[]) => a.reduce((s, v) => s + v);\n\n// 8. \u0421\u043a\u043e\u043b\u044c\u043a\u043e \u0441\u043e\u043e\u0442\u0432\u0435\u0442\u0441\u0442\u0432\u0443\u044e\u0449\u0438\u0445 \u044d\u043b\u0435\u043c\u0435\u043d\u0442\u043e\u0432 \u0434\u0432\u0443\u0445 \u043f\u043e\u0441\u043b\u0435\u0434\u043e\u0432\u0430\u0442\u0435\u043b\u044c\u043d\u043e\u0441\u0442\u0435\u0439 \u0441 \u043e\u0434\u0438\u043d\u0430\u043a\u043e\u0432\u044b\u043c \u043a\u043e\u043b\u0438\u0447\u0435\u0441\u0442\u0432\u043e\u043c \u044d\u043b\u0435\u043c\u0435\u043d\u0442\u043e\u0432 \u0441\u043e\u0432\u043f\u0430\u0434\u0430\u044e\u0442?\nexport function zipEqualCount(a: number[], b: number[]) {\n    return a.map((elementA, index) => {\n        const elementB = b[index];\n        return { a: elementA, b: elementB };\n    }).reduce((count, value) =>\n        count + (value.a == value.b ? 1 : 0), 0\n    )\n}\n\n// 26. \u041d\u0430\u0439\u0442\u0438 \u0440\u0430\u0437\u043d\u043e\u0441\u0442\u044c \u043c\u0430\u043a\u0441\u0438\u043c\u0430\u043b\u044c\u043d\u043e\u0433\u043e \u0438 \u043c\u0438\u043d\u0438\u043c\u0430\u043b\u044c\u043d\u043e\u0433\u043e \u044d\u043b\u0435\u043c\u0435\u043d\u0442\u043e\u0432 \u043f\u043e\u0441\u043b\u0435\u0434\u043e\u0432\u0430\u0442\u0435\u043b\u044c\u043d\u043e\u0441\u0442\u0438.\nexport class MinMax {\n    min: number;\n    max: number;\n\n    constructor(min: number = Number.MAX_VALUE, max: number = Number.MIN_VALUE) {\n        this.min = min;\n        this.max = max;\n    }\n\n    public static findMinMax(items: number[]) {\n        return items.reduce(\n            (accumulator, currentValue) => new MinMax(Math.min(currentValue, accumulator.min), Math.max(currentValue, accumulator.max)),\n            new MinMax()\n        );\n    }\n\n    public static differenceMaxMin(items: number[]) {\n        let res = MinMax.findMinMax(items);\n        return res.max - res.min;\n    }\n}\n", "_type": "Listing"}, {"py/object": "Sto.Paragraph.Paragraph", "_text": "", "_type": "Paragraph"}, {"py/object": "Sto.Paragraph.Paragraph", "_text": "\u0411\u044b\u043b\u0430 \u0441\u043e\u0437\u0434\u0430\u043d\u0430 \u043e\u0442\u0434\u0435\u043b\u044c\u043d\u0430\u044f \u0441\u0442\u0440\u0430\u043d\u0438\u0446\u0430, \u043d\u0430 \u043a\u043e\u0442\u043e\u0440\u043e\u0439 \u0431\u0443\u0434\u0435\u0442 \u0432\u0432\u043e\u0434 \u0438 \u0440\u0435\u0437\u0443\u043b\u044c\u0442\u0430\u0442 \u0432\u044b\u043f\u043e\u043b\u043d\u0435\u043d\u0438\u044f \u0444\u0443\u043d\u043a\u0446\u0438\u0439.", "_type": "Paragraph"}, {"py/object": "Sto.Paragraph.Paragraph", "_text": "", "_type": "Paragraph"}, {"py/object": "Sto.Listing.ListingDescription", "_text": "tasks.html", "_type": "ListingDescription"}, {"py/object": "Sto.Listing.Listing", "_text": "<!DOCTYPE html>\n<html lang=\"ru\">\n\n<head>\n    <meta charset=\"UTF-8\">\n    <meta name=\"robots\" content=\"index,all\">\n    <meta name=\"author\" content=\"Vladislav Prekel\">\n    <meta name=\"keywords\" content=\"\u043c\u043d\u043e\u0433\u043e\u0447\u043b\u0435\u043d, \u043f\u043e\u043b\u0438\u043d\u043e\u043c, \u0443\u0440\u0430\u0432\u043d\u0435\u043d\u0438\u0435, \u0430\u043b\u0433\u0435\u0431\u0440\u0430\u0438\u0447\u0435\u0441\u043a\u0438\u0439\">\n    <meta name=\"description\"\n        content=\"\u041c\u043d\u043e\u0433\u043e\u0447\u043b\u0435\u043d\u044b \u0438 \u0430\u043b\u0433\u0435\u0431\u0440\u0430\u0438\u0447\u0435\u0441\u043a\u0438\u0435 \u0443\u0440\u0430\u0432\u043d\u0435\u043d\u0438\u044f. \u0427\u0438\u0441\u043b\u0435\u043d\u043d\u043e\u0435 \u0440\u0435\u0448\u0435\u043d\u0438\u0435 \u0430\u043b\u0433\u0435\u0431\u0440\u0430\u0438\u0447\u0435\u0441\u043a\u0438\u0445 \u0443\u0440\u0430\u0432\u043d\u0435\u043d\u0438\u0439.\">\n    <meta name=\"viewport\" content=\"width=device-width, initial-scale=1, shrink-to-fit=no\">\n\n    <link type=\"image/x-icon\" href=\"assets/favicon.ico\" rel=\"icon\">\n\n    <script src=\"https://kit.fontawesome.com/e8a7538d16.js\" crossorigin=\"anonymous\"></script>\n\n    <title>\u041c\u043d\u043e\u0433\u043e\u0447\u043b\u0435\u043d\u044b \u0438 \u0430\u043b\u0433\u0435\u0431\u0440\u0430\u0438\u0447\u0435\u0441\u043a\u0438\u0435 \u0443\u0440\u0430\u0432\u043d\u0435\u043d\u0438\u044f (\u0437\u0430\u0434\u0430\u0447\u0438 \u043a 6 \u043f\u0440\u0430\u043a\u0442\u0438\u0447\u0435\u0441\u043a\u043e\u0439)</title>\n\n    <link href=\"public/css/custom.css\" rel=\"stylesheet\">\n    <link href=\"css/styles.css\" rel=\"stylesheet\">\n</head>\n\n<body id=\"body\">\n    <a class=\"fixed-bottom btn-primary\" id=\"to_top\" href=\"#\">\u041d\u0430\u0432\u0435\u0440\u0445</a>\n    <div class=\"container\">\n        <nav class=\"navbar navbar-expand-lg navbar-dark bg-primary\">\n            <a class=\"navbar-brand\" href=\"index.html\">\u041c\u043d\u043e\u0433\u043e\u0447\u043b\u0435\u043d\u044b \u0438 \u0430\u043b\u0433\u0435\u0431\u0440\u0430\u0438\u0447\u0435\u0441\u043a\u0438\u0435 \u0443\u0440\u0430\u0432\u043d\u0435\u043d\u0438\u044f</a>\n            <button class=\"navbar-toggler\" type=\"button\" data-toggle=\"collapse\" data-target=\"#navbarSupportedContent\">\n                <span class=\"navbar-toggler-icon\"></span>\n            </button>\n            <div class=\"collapse navbar-collapse\" id=\"navbarSupportedContent\">\n                <ul class=\"navbar-nav ml-auto\">\n                    <li class=\"nav-item\"><a class=\"nav-link\" href=\"tasks.html\">\u0417\u0430\u0434\u0430\u0447\u0438</a></li>\n                    <li class=\"nav-item\"><a class=\"nav-link\" href=\"form.html\">\u0424\u043e\u0440\u043c\u0430 \u0432\u0432\u043e\u0434\u0430</a></li>\n                </ul>\n            </div>\n        </nav>\n        <header class=\"jumbotron\">\n            <h1>\u0417\u0430\u0434\u0430\u0447\u0438 \u0434\u043b\u044f 6 \u043f\u0440\u0430\u043a\u0442\u0438\u0447\u0435\u0441\u043a\u043e\u0439</h1>\n        </header>\n        <div class=\"card card-body mb-4\">\n            <form class=\"form-group\">\n                <label>1. \u041d\u0430\u0439\u0442\u0438 \u0441\u0443\u043c\u043c\u0443 \u044d\u043b\u0435\u043c\u0435\u043d\u0442\u043e\u0432 \u043f\u043e\u0441\u043b\u0435\u0434\u043e\u0432\u0430\u0442\u0435\u043b\u044c\u043d\u043e\u0441\u0442\u0438.</label>\n                <input class=\"form-control\" name=\"task1Input\" type=\"text\"> <br>\n                <input class=\"btn btn-success\" type=\"button\" value=\"Click\" onClick=\"task1(this.form.task1Input.value)\">\n            </form>\n        </div>\n        <div class=\"card card-body mb-4\">\n            <form class=\"form-group\">\n                <label>8. \u0421\u043a\u043e\u043b\u044c\u043a\u043e \u0441\u043e\u043e\u0442\u0432\u0435\u0442\u0441\u0442\u0432\u0443\u044e\u0449\u0438\u0445 \u044d\u043b\u0435\u043c\u0435\u043d\u0442\u043e\u0432 \u0434\u0432\u0443\u0445 \u043f\u043e\u0441\u043b\u0435\u0434\u043e\u0432\u0430\u0442\u0435\u043b\u044c\u043d\u043e\u0441\u0442\u0435\u0439 \u0441 \u043e\u0434\u0438\u043d\u0430\u043a\u043e\u0432\u044b\u043c \u043a\u043e\u043b\u0438\u0447\u0435\u0441\u0442\u0432\u043e\u043c\n                    \u044d\u043b\u0435\u043c\u0435\u043d\u0442\u043e\u0432 \u0441\u043e\u0432\u043f\u0430\u0434\u0430\u044e\u0442?</label>\n                <input class=\"form-control\" name=\"task8Input1\" type=\"text\"> <br>\n                <input class=\"form-control\" name=\"task8Input2\" type=\"text\"> <br>\n                <input class=\"btn btn-success\" type=\"button\" value=\"Click\"\n                    onClick=\"task8(this.form.task8Input1.value, this.form.task8Input2.value)\">\n            </form>\n        </div>\n        <div class=\"card card-body mb-4\">\n            <form class=\"form-group\">\n                <label>26. \u041d\u0430\u0439\u0442\u0438 \u0440\u0430\u0437\u043d\u043e\u0441\u0442\u044c \u043c\u0430\u043a\u0441\u0438\u043c\u0430\u043b\u044c\u043d\u043e\u0433\u043e \u0438 \u043c\u0438\u043d\u0438\u043c\u0430\u043b\u044c\u043d\u043e\u0433\u043e \u044d\u043b\u0435\u043c\u0435\u043d\u0442\u043e\u0432 \u043f\u043e\u0441\u043b\u0435\u0434\u043e\u0432\u0430\u0442\u0435\u043b\u044c\u043d\u043e\u0441\u0442\u0438.</label>\n                <input class=\"form-control\" name=\"task26Input\" type=\"text\"> <br>\n                <input class=\"btn btn-success\" type=\"button\" value=\"Click\"\n                    onClick=\"task26(this.form.task26Input.value)\">\n            </form>\n        </div>\n        <div class=\"card card-body mb-4\">\n            <h2>\u041e\u0442\u0432\u0435\u0442: </h2>\n            <p id=\"answer\">NaN</p>\n        </div>\n    </div>\n    <script src=\"./public/js/funcs.js\" type=\"module\"></script>\n\n    <script src=\"https://code.jquery.com/jquery-3.5.1.slim.min.js\"\n        integrity=\"sha384-DfXdz2htPH0lsSSs5nCTpuj/zy4C+OGpamoFVy38MVBnE+IbbVYUew+OrCXaRkfj\"\n        crossorigin=\"anonymous\"></script>\n    <script src=\"https://cdn.jsdelivr.net/npm/popper.js@1.16.1/dist/umd/popper.min.js\"\n        integrity=\"sha384-9/reFTGAW83EW2RDu2S0VKaIzap3H66lZH81PoYlFhbGU+6BZp6G7niu735Sk7lN\"\n        crossorigin=\"anonymous\"></script>\n    <script src=\"https://stackpath.bootstrapcdn.com/bootstrap/4.5.2/js/bootstrap.min.js\"\n        integrity=\"sha384-B4gt1jrGC7Jh4AgTPSdUtOBvfO8shuf57BaghqFfPlYxofvL8/KUEfYiJOMMV+rV\"\n        crossorigin=\"anonymous\"></script>\n</body>\n\n</html>", "_type": "Listing"}, {"py/object": "Sto.Paragraph.Paragraph", "_text": "", "_type": "Paragraph"}, {"py/object": "Sto.Paragraph.Paragraph", "_text": "\u0414\u043b\u044f \u0441\u0432\u044f\u0437\u0438 \u0444\u0443\u043d\u043a\u0446\u0438\u0439 \u0441\u043e \u0441\u0442\u0440\u0430\u043d\u0438\u0446\u0435\u0439 \u0441\u043e\u0437\u0434\u0430\u043d \u0441\u043b\u0435\u0434\u0443\u044e\u0449\u0438\u0439 \u0441\u043a\u0440\u0438\u043f\u0442:", "_type": "Paragraph"}, {"py/object": "Sto.Paragraph.Paragraph", "_text": "", "_type": "Paragraph"}, {"py/object": "Sto.Listing.ListingDescription", "_text": "funcs.ts", "_type": "ListingDescription"}, {"py/object": "Sto.Listing.Listing", "_text": "import * as tasks from \"./tasks.js\";\n\nfunction task1(x: string) {\n    let a = document.getElementById(\"answer\");\n    if (a != null) {\n        a.innerHTML = tasks.arraySum(x.split(\" \").map(n => parseInt(n))).toString();\n    }\n}\n\nfunction task8(x: string, y: string) {\n    let a = document.getElementById(\"answer\");\n    if (a != null) {\n        a.innerHTML = tasks.zipEqualCount(x.split(\" \").map(n => parseInt(n)), y.split(\" \").map(n => parseInt(n))).toString();\n    }\n}\n\nfunction task26(x: string) {\n    let a = document.getElementById(\"answer\");\n    if (a != null) {\n        a.innerHTML = tasks.MinMax.differenceMaxMin(x.split(\" \").map(n => parseInt(n))).toString();\n    }\n}\n\ndeclare global {\n    interface Window {\n        task1(x: string): void;\n        task8(x: string, y: string): void;\n        task26(x: string): void;\n    }\n}\n\nwindow.task1 = task1\nwindow.task8 = task8\nwindow.task26 = task26\n", "_type": "Listing"}, {"py/object": "Sto.Paragraph.Paragraph", "_text": "", "_type": "Paragraph"}, {"py/object": "Sto.Paragraph.Paragraph", "_text": "TypeSctipt \u043c\u043e\u0436\u0435\u0442 \u043a\u043e\u043c\u043f\u0438\u043b\u0438\u0440\u043e\u0432\u0430\u0442\u044c\u0441\u044f \u0432 \u0440\u0430\u0437\u043d\u044b\u0435 \u0441\u043f\u0435\u0446\u0438\u0444\u0438\u043a\u0430\u0446\u0438\u0438 ECMAScript (ES5 \u0431\u043e\u043b\u0435\u0435 \u0441\u0442\u0430\u0440\u0430\u044f, \u0447\u0435\u043c ES2015 \u0438 \u043e\u0442\u043b\u0438\u0447\u0430\u0435\u0442\u0441\u044f, \u043d\u0430\u043f\u0440\u0438\u043c\u0435\u0440, \u043e\u0442\u0441\u0443\u0442\u0441\u0442\u0432\u0438\u0435\u043c \u043a\u043b\u0430\u0441\u0441\u043e\u0432):", "_type": "Paragraph"}, {"py/object": "Sto.Paragraph.Paragraph", "_text": "", "_type": "Paragraph"}, {"py/object": "Sto.Listing.ListingDescription", "_text": "tasks.js, ES5", "_type": "ListingDescription"}, {"py/object": "Sto.Listing.Listing", "_text": "// 1. \u041d\u0430\u0439\u0442\u0438 \u0441\u0443\u043c\u043c\u0443 \u044d\u043b\u0435\u043c\u0435\u043d\u0442\u043e\u0432 \u043f\u043e\u0441\u043b\u0435\u0434\u043e\u0432\u0430\u0442\u0435\u043b\u044c\u043d\u043e\u0441\u0442\u0438.\nexport var arraySum = function (a) { return a.reduce(function (s, v) { return s + v; }); };\n// 8. \u0421\u043a\u043e\u043b\u044c\u043a\u043e \u0441\u043e\u043e\u0442\u0432\u0435\u0442\u0441\u0442\u0432\u0443\u044e\u0449\u0438\u0445 \u044d\u043b\u0435\u043c\u0435\u043d\u0442\u043e\u0432 \u0434\u0432\u0443\u0445 \u043f\u043e\u0441\u043b\u0435\u0434\u043e\u0432\u0430\u0442\u0435\u043b\u044c\u043d\u043e\u0441\u0442\u0435\u0439 \u0441 \u043e\u0434\u0438\u043d\u0430\u043a\u043e\u0432\u044b\u043c \u043a\u043e\u043b\u0438\u0447\u0435\u0441\u0442\u0432\u043e\u043c \u044d\u043b\u0435\u043c\u0435\u043d\u0442\u043e\u0432 \u0441\u043e\u0432\u043f\u0430\u0434\u0430\u044e\u0442?\nexport function zipEqualCount(a, b) {\n    return a.map(function (elementA, index) {\n        var elementB = b[index];\n        return { a: elementA, b: elementB };\n    }).reduce(function (count, value) {\n        return count + (value.a == value.b ? 1 : 0);\n    }, 0);\n}\n// 26. \u041d\u0430\u0439\u0442\u0438 \u0440\u0430\u0437\u043d\u043e\u0441\u0442\u044c \u043c\u0430\u043a\u0441\u0438\u043c\u0430\u043b\u044c\u043d\u043e\u0433\u043e \u0438 \u043c\u0438\u043d\u0438\u043c\u0430\u043b\u044c\u043d\u043e\u0433\u043e \u044d\u043b\u0435\u043c\u0435\u043d\u0442\u043e\u0432 \u043f\u043e\u0441\u043b\u0435\u0434\u043e\u0432\u0430\u0442\u0435\u043b\u044c\u043d\u043e\u0441\u0442\u0438.\nvar MinMax = /** @class */ (function () {\n    function MinMax(min, max) {\n        if (min === void 0) { min = Number.MAX_VALUE; }\n        if (max === void 0) { max = Number.MIN_VALUE; }\n        this.min = min;\n        this.max = max;\n    }\n    MinMax.findMinMax = function (items) {\n        return items.reduce(function (accumulator, currentValue) { return new MinMax(Math.min(currentValue, accumulator.min), Math.max(currentValue, accumulator.max)); }, new MinMax());\n    };\n    MinMax.differenceMaxMin = function (items) {\n        var res = MinMax.findMinMax(items);\n        return res.max - res.min;\n    };\n    return MinMax;\n}());\nexport { MinMax };\n", "_type": "Listing"}, {"py/object": "Sto.Paragraph.Paragraph", "_text": "", "_type": "Paragraph"}, {"py/object": "Sto.Listing.ListingDescription", "_text": "funcs.js, ES5", "_type": "ListingDescription"}, {"py/object": "Sto.Listing.Listing", "_text": "import * as tasks from \"./tasks.js\";\nfunction task1(x) {\n    var a = document.getElementById(\"answer\");\n    if (a != null) {\n        a.innerHTML = tasks.arraySum(x.split(\" \").map(function (n) { return parseInt(n); })).toString();\n    }\n}\nfunction task8(x, y) {\n    var a = document.getElementById(\"answer\");\n    if (a != null) {\n        a.innerHTML = tasks.zipEqualCount(x.split(\" \").map(function (n) { return parseInt(n); }), y.split(\" \").map(function (n) { return parseInt(n); })).toString();\n    }\n}\nfunction task26(x) {\n    var a = document.getElementById(\"answer\");\n    if (a != null) {\n        a.innerHTML = tasks.MinMax.differenceMaxMin(x.split(\" \").map(function (n) { return parseInt(n); })).toString();\n    }\n}\nwindow.task1 = task1;\nwindow.task8 = task8;\nwindow.task26 = task26;\n", "_type": "Listing"}, {"py/object": "Sto.Paragraph.Paragraph", "_text": "", "_type": "Paragraph"}, {"py/object": "Sto.Listing.ListingDescription", "_text": "tasks.js, ES2015", "_type": "ListingDescription"}, {"py/object": "Sto.Listing.Listing", "_text": "// 1. \u041d\u0430\u0439\u0442\u0438 \u0441\u0443\u043c\u043c\u0443 \u044d\u043b\u0435\u043c\u0435\u043d\u0442\u043e\u0432 \u043f\u043e\u0441\u043b\u0435\u0434\u043e\u0432\u0430\u0442\u0435\u043b\u044c\u043d\u043e\u0441\u0442\u0438.\nexport const arraySum = (a) => a.reduce((s, v) => s + v);\n// 8. \u0421\u043a\u043e\u043b\u044c\u043a\u043e \u0441\u043e\u043e\u0442\u0432\u0435\u0442\u0441\u0442\u0432\u0443\u044e\u0449\u0438\u0445 \u044d\u043b\u0435\u043c\u0435\u043d\u0442\u043e\u0432 \u0434\u0432\u0443\u0445 \u043f\u043e\u0441\u043b\u0435\u0434\u043e\u0432\u0430\u0442\u0435\u043b\u044c\u043d\u043e\u0441\u0442\u0435\u0439 \u0441 \u043e\u0434\u0438\u043d\u0430\u043a\u043e\u0432\u044b\u043c \u043a\u043e\u043b\u0438\u0447\u0435\u0441\u0442\u0432\u043e\u043c \u044d\u043b\u0435\u043c\u0435\u043d\u0442\u043e\u0432 \u0441\u043e\u0432\u043f\u0430\u0434\u0430\u044e\u0442?\nexport function zipEqualCount(a, b) {\n    return a.map((elementA, index) => {\n        const elementB = b[index];\n        return { a: elementA, b: elementB };\n    }).reduce((count, value) => count + (value.a == value.b ? 1 : 0), 0);\n}\n// 26. \u041d\u0430\u0439\u0442\u0438 \u0440\u0430\u0437\u043d\u043e\u0441\u0442\u044c \u043c\u0430\u043a\u0441\u0438\u043c\u0430\u043b\u044c\u043d\u043e\u0433\u043e \u0438 \u043c\u0438\u043d\u0438\u043c\u0430\u043b\u044c\u043d\u043e\u0433\u043e \u044d\u043b\u0435\u043c\u0435\u043d\u0442\u043e\u0432 \u043f\u043e\u0441\u043b\u0435\u0434\u043e\u0432\u0430\u0442\u0435\u043b\u044c\u043d\u043e\u0441\u0442\u0438.\nexport class MinMax {\n    constructor(min = Number.MAX_VALUE, max = Number.MIN_VALUE) {\n        this.min = min;\n        this.max = max;\n    }\n    static findMinMax(items) {\n        return items.reduce((accumulator, currentValue) => new MinMax(Math.min(currentValue, accumulator.min), Math.max(currentValue, accumulator.max)), new MinMax());\n    }\n    static differenceMaxMin(items) {\n        let res = MinMax.findMinMax(items);\n        return res.max - res.min;\n    }\n}\n", "_type": "Listing"}, {"py/object": "Sto.Paragraph.Paragraph", "_text": "", "_type": "Paragraph"}, {"py/object": "Sto.Listing.ListingDescription", "_text": "funcs.js, ES2015", "_type": "ListingDescription"}, {"py/object": "Sto.Listing.Listing", "_text": "import * as tasks from \"./tasks.js\";\nfunction task1(x) {\n    let a = document.getElementById(\"answer\");\n    if (a != null) {\n        a.innerHTML = tasks.arraySum(x.split(\" \").map(n => parseInt(n))).toString();\n    }\n}\nfunction task8(x, y) {\n    let a = document.getElementById(\"answer\");\n    if (a != null) {\n        a.innerHTML = tasks.zipEqualCount(x.split(\" \").map(n => parseInt(n)), y.split(\" \").map(n => parseInt(n))).toString();\n    }\n}\nfunction task26(x) {\n    let a = document.getElementById(\"answer\");\n    if (a != null) {\n        a.innerHTML = tasks.MinMax.differenceMaxMin(x.split(\" \").map(n => parseInt(n))).toString();\n    }\n}\nwindow.task1 = task1;\nwindow.task8 = task8;\nwindow.task26 = task26;\n", "_type": "Listing"}, {"py/object": "Sto.Paragraph.Paragraph", "_text": "", "_type": "Paragraph"}, {"py/object": "Sto.Picture.Picture", "_text": "pic1.png", "_type": "Picture"}, {"py/object": "Sto.Picture.PictureDescription", "_text": "\u0421\u0442\u0440\u0430\u043d\u0438\u0446\u0430 \u0441 \u0437\u0430\u0434\u0430\u0447\u0430\u043c\u0438, \u043f\u0435\u0440\u0432\u0430\u044f \u0437\u0430\u0434\u0430\u0447\u0430", "_type": "PictureDescription"}, {"py/object": "Sto.Paragraph.Paragraph", "_text": "", "_type": "Paragraph"}], "_level": 1}, {"py/object": "Sto.Heading.Heading", "_text": "\u0412\u044b\u0432\u043e\u0434", "_type": "Heading", "_paragraphs": [{"py/object": "Sto.Paragraph.Paragraph", "_text": "\u0411\u044b\u043b\u0438 \u043e\u0441\u0432\u043e\u0435\u043d\u044b \u043d\u0430 \u043f\u0440\u0430\u043a\u0442\u0438\u043a\u0435 \u0431\u0430\u0437\u043e\u0432\u044b\u0435 \u0432\u043e\u0437\u043c\u043e\u0436\u043d\u043e\u0441\u0442\u0438 \u0434\u0438\u043d\u0430\u043c\u0438\u0447\u0435\u0441\u043a\u043e\u0433\u043e \u0443\u043f\u0440\u0430\u0432\u043b\u0435\u043d\u0438\u044f \u0441\u043e\u0434\u0435\u0440\u0436\u0438\u043c\u044b\u043c \u0432\u0435\u0431-\u0441\u0442\u0440\u0430\u043d\u0438\u0446\u044b. \u0421\u0430\u0439\u0442 \u0434\u043e\u0441\u0442\u0443\u043f\u0435\u043d \u043f\u043e \u0430\u0434\u0440\u0435\u0441\u0443 https://prekel.github.io/WebFrontend/Pr_06/index.html", "_type": "Paragraph"}], "_level": 1}], "_resources_list": null, "_attachments": []}